tsungpubz0000000,tsungTopicz0,tsungMsgz0
tsungpubz0000001,tsungTopicz1,tsungMsgz1
tsungpubz0000002,tsungTopicz2,tsungMsgz2
tsungpubz0000003,tsungTopicz3,tsungMsgz3
tsungpubz0000004,tsungTopicz4,tsungMsgz4
tsungpubz0000005,tsungTopicz5,tsungMsgz5
tsungpubz0000006,tsungTopicz6,tsungMsgz6
tsungpubz0000007,tsungTopicz7,tsungMsgz7
tsungpubz0000008,tsungTopicz8,tsungMsgz8
tsungpubz0000009,tsungTopicz9,tsungMsgz9
tsungpubz0000010,tsungTopicz10,tsungMsgz10
tsungpubz0000011,tsungTopicz11,tsungMsgz11
tsungpubz0000012,tsungTopicz12,tsungMsgz12
tsungpubz0000013,tsungTopicz13,tsungMsgz13
tsungpubz0000014,tsungTopicz14,tsungMsgz14
tsungpubz0000015,tsungTopicz15,tsungMsgz15
tsungpubz0000016,tsungTopicz16,tsungMsgz16
tsungpubz0000017,tsungTopicz17,tsungMsgz17
tsungpubz0000018,tsungTopicz18,tsungMsgz18
tsungpubz0000019,tsungTopicz19,tsungMsgz19
tsungpubz0000020,tsungTopicz20,tsungMsgz20
tsungpubz0000021,tsungTopicz21,tsungMsgz21
tsungpubz0000022,tsungTopicz22,tsungMsgz22
tsungpubz0000023,tsungTopicz23,tsungMsgz23
tsungpubz0000024,tsungTopicz24,tsungMsgz24
tsungpubz0000025,tsungTopicz25,tsungMsgz25
tsungpubz0000026,tsungTopicz26,tsungMsgz26
tsungpubz0000027,tsungTopicz27,tsungMsgz27
tsungpubz0000028,tsungTopicz28,tsungMsgz28
tsungpubz0000029,tsungTopicz29,tsungMsgz29
tsungpubz0000030,tsungTopicz30,tsungMsgz30
tsungpubz0000031,tsungTopicz31,tsungMsgz31
tsungpubz0000032,tsungTopicz32,tsungMsgz32
tsungpubz0000033,tsungTopicz33,tsungMsgz33
tsungpubz0000034,tsungTopicz34,tsungMsgz34
tsungpubz0000035,tsungTopicz35,tsungMsgz35
tsungpubz0000036,tsungTopicz36,tsungMsgz36
tsungpubz0000037,tsungTopicz37,tsungMsgz37
tsungpubz0000038,tsungTopicz38,tsungMsgz38
tsungpubz0000039,tsungTopicz39,tsungMsgz39
tsungpubz0000040,tsungTopicz40,tsungMsgz40
tsungpubz0000041,tsungTopicz41,tsungMsgz41
tsungpubz0000042,tsungTopicz42,tsungMsgz42
tsungpubz0000043,tsungTopicz43,tsungMsgz43
tsungpubz0000044,tsungTopicz44,tsungMsgz44
tsungpubz0000045,tsungTopicz45,tsungMsgz45
tsungpubz0000046,tsungTopicz46,tsungMsgz46
tsungpubz0000047,tsungTopicz47,tsungMsgz47
tsungpubz0000048,tsungTopicz48,tsungMsgz48
tsungpubz0000049,tsungTopicz49,tsungMsgz49
tsungpubz0000050,tsungTopicz50,tsungMsgz50
tsungpubz0000051,tsungTopicz51,tsungMsgz51
tsungpubz0000052,tsungTopicz52,tsungMsgz52
tsungpubz0000053,tsungTopicz53,tsungMsgz53
tsungpubz0000054,tsungTopicz54,tsungMsgz54
tsungpubz0000055,tsungTopicz55,tsungMsgz55
tsungpubz0000056,tsungTopicz56,tsungMsgz56
tsungpubz0000057,tsungTopicz57,tsungMsgz57
tsungpubz0000058,tsungTopicz58,tsungMsgz58
tsungpubz0000059,tsungTopicz59,tsungMsgz59
tsungpubz0000060,tsungTopicz60,tsungMsgz60
tsungpubz0000061,tsungTopicz61,tsungMsgz61
tsungpubz0000062,tsungTopicz62,tsungMsgz62
tsungpubz0000063,tsungTopicz63,tsungMsgz63
tsungpubz0000064,tsungTopicz64,tsungMsgz64
tsungpubz0000065,tsungTopicz65,tsungMsgz65
tsungpubz0000066,tsungTopicz66,tsungMsgz66
tsungpubz0000067,tsungTopicz67,tsungMsgz67
tsungpubz0000068,tsungTopicz68,tsungMsgz68
tsungpubz0000069,tsungTopicz69,tsungMsgz69
tsungpubz0000070,tsungTopicz70,tsungMsgz70
tsungpubz0000071,tsungTopicz71,tsungMsgz71
tsungpubz0000072,tsungTopicz72,tsungMsgz72
tsungpubz0000073,tsungTopicz73,tsungMsgz73
tsungpubz0000074,tsungTopicz74,tsungMsgz74
tsungpubz0000075,tsungTopicz75,tsungMsgz75
tsungpubz0000076,tsungTopicz76,tsungMsgz76
tsungpubz0000077,tsungTopicz77,tsungMsgz77
tsungpubz0000078,tsungTopicz78,tsungMsgz78
tsungpubz0000079,tsungTopicz79,tsungMsgz79
tsungpubz0000080,tsungTopicz80,tsungMsgz80
tsungpubz0000081,tsungTopicz81,tsungMsgz81
tsungpubz0000082,tsungTopicz82,tsungMsgz82
tsungpubz0000083,tsungTopicz83,tsungMsgz83
tsungpubz0000084,tsungTopicz84,tsungMsgz84
tsungpubz0000085,tsungTopicz85,tsungMsgz85
tsungpubz0000086,tsungTopicz86,tsungMsgz86
tsungpubz0000087,tsungTopicz87,tsungMsgz87
tsungpubz0000088,tsungTopicz88,tsungMsgz88
tsungpubz0000089,tsungTopicz89,tsungMsgz89
tsungpubz0000090,tsungTopicz90,tsungMsgz90
tsungpubz0000091,tsungTopicz91,tsungMsgz91
tsungpubz0000092,tsungTopicz92,tsungMsgz92
tsungpubz0000093,tsungTopicz93,tsungMsgz93
tsungpubz0000094,tsungTopicz94,tsungMsgz94
tsungpubz0000095,tsungTopicz95,tsungMsgz95
tsungpubz0000096,tsungTopicz96,tsungMsgz96
tsungpubz0000097,tsungTopicz97,tsungMsgz97
tsungpubz0000098,tsungTopicz98,tsungMsgz98
tsungpubz0000099,tsungTopicz99,tsungMsgz99
tsungpubz0000100,tsungTopicz100,tsungMsgz100
tsungpubz0000101,tsungTopicz101,tsungMsgz101
tsungpubz0000102,tsungTopicz102,tsungMsgz102
tsungpubz0000103,tsungTopicz103,tsungMsgz103
tsungpubz0000104,tsungTopicz104,tsungMsgz104
tsungpubz0000105,tsungTopicz105,tsungMsgz105
tsungpubz0000106,tsungTopicz106,tsungMsgz106
tsungpubz0000107,tsungTopicz107,tsungMsgz107
tsungpubz0000108,tsungTopicz108,tsungMsgz108
tsungpubz0000109,tsungTopicz109,tsungMsgz109
tsungpubz0000110,tsungTopicz110,tsungMsgz110
tsungpubz0000111,tsungTopicz111,tsungMsgz111
tsungpubz0000112,tsungTopicz112,tsungMsgz112
tsungpubz0000113,tsungTopicz113,tsungMsgz113
tsungpubz0000114,tsungTopicz114,tsungMsgz114
tsungpubz0000115,tsungTopicz115,tsungMsgz115
tsungpubz0000116,tsungTopicz116,tsungMsgz116
tsungpubz0000117,tsungTopicz117,tsungMsgz117
tsungpubz0000118,tsungTopicz118,tsungMsgz118
tsungpubz0000119,tsungTopicz119,tsungMsgz119
tsungpubz0000120,tsungTopicz120,tsungMsgz120
tsungpubz0000121,tsungTopicz121,tsungMsgz121
tsungpubz0000122,tsungTopicz122,tsungMsgz122
tsungpubz0000123,tsungTopicz123,tsungMsgz123
tsungpubz0000124,tsungTopicz124,tsungMsgz124
tsungpubz0000125,tsungTopicz125,tsungMsgz125
tsungpubz0000126,tsungTopicz126,tsungMsgz126
tsungpubz0000127,tsungTopicz127,tsungMsgz127
tsungpubz0000128,tsungTopicz128,tsungMsgz128
tsungpubz0000129,tsungTopicz129,tsungMsgz129
tsungpubz0000130,tsungTopicz130,tsungMsgz130
tsungpubz0000131,tsungTopicz131,tsungMsgz131
tsungpubz0000132,tsungTopicz132,tsungMsgz132
tsungpubz0000133,tsungTopicz133,tsungMsgz133
tsungpubz0000134,tsungTopicz134,tsungMsgz134
tsungpubz0000135,tsungTopicz135,tsungMsgz135
tsungpubz0000136,tsungTopicz136,tsungMsgz136
tsungpubz0000137,tsungTopicz137,tsungMsgz137
tsungpubz0000138,tsungTopicz138,tsungMsgz138
tsungpubz0000139,tsungTopicz139,tsungMsgz139
tsungpubz0000140,tsungTopicz140,tsungMsgz140
tsungpubz0000141,tsungTopicz141,tsungMsgz141
tsungpubz0000142,tsungTopicz142,tsungMsgz142
tsungpubz0000143,tsungTopicz143,tsungMsgz143
tsungpubz0000144,tsungTopicz144,tsungMsgz144
tsungpubz0000145,tsungTopicz145,tsungMsgz145
tsungpubz0000146,tsungTopicz146,tsungMsgz146
tsungpubz0000147,tsungTopicz147,tsungMsgz147
tsungpubz0000148,tsungTopicz148,tsungMsgz148
tsungpubz0000149,tsungTopicz149,tsungMsgz149
tsungpubz0000150,tsungTopicz150,tsungMsgz150
tsungpubz0000151,tsungTopicz151,tsungMsgz151
tsungpubz0000152,tsungTopicz152,tsungMsgz152
tsungpubz0000153,tsungTopicz153,tsungMsgz153
tsungpubz0000154,tsungTopicz154,tsungMsgz154
tsungpubz0000155,tsungTopicz155,tsungMsgz155
tsungpubz0000156,tsungTopicz156,tsungMsgz156
tsungpubz0000157,tsungTopicz157,tsungMsgz157
tsungpubz0000158,tsungTopicz158,tsungMsgz158
tsungpubz0000159,tsungTopicz159,tsungMsgz159
tsungpubz0000160,tsungTopicz160,tsungMsgz160
tsungpubz0000161,tsungTopicz161,tsungMsgz161
tsungpubz0000162,tsungTopicz162,tsungMsgz162
tsungpubz0000163,tsungTopicz163,tsungMsgz163
tsungpubz0000164,tsungTopicz164,tsungMsgz164
tsungpubz0000165,tsungTopicz165,tsungMsgz165
tsungpubz0000166,tsungTopicz166,tsungMsgz166
tsungpubz0000167,tsungTopicz167,tsungMsgz167
tsungpubz0000168,tsungTopicz168,tsungMsgz168
tsungpubz0000169,tsungTopicz169,tsungMsgz169
tsungpubz0000170,tsungTopicz170,tsungMsgz170
tsungpubz0000171,tsungTopicz171,tsungMsgz171
tsungpubz0000172,tsungTopicz172,tsungMsgz172
tsungpubz0000173,tsungTopicz173,tsungMsgz173
tsungpubz0000174,tsungTopicz174,tsungMsgz174
tsungpubz0000175,tsungTopicz175,tsungMsgz175
tsungpubz0000176,tsungTopicz176,tsungMsgz176
tsungpubz0000177,tsungTopicz177,tsungMsgz177
tsungpubz0000178,tsungTopicz178,tsungMsgz178
tsungpubz0000179,tsungTopicz179,tsungMsgz179
tsungpubz0000180,tsungTopicz180,tsungMsgz180
tsungpubz0000181,tsungTopicz181,tsungMsgz181
tsungpubz0000182,tsungTopicz182,tsungMsgz182
tsungpubz0000183,tsungTopicz183,tsungMsgz183
tsungpubz0000184,tsungTopicz184,tsungMsgz184
tsungpubz0000185,tsungTopicz185,tsungMsgz185
tsungpubz0000186,tsungTopicz186,tsungMsgz186
tsungpubz0000187,tsungTopicz187,tsungMsgz187
tsungpubz0000188,tsungTopicz188,tsungMsgz188
tsungpubz0000189,tsungTopicz189,tsungMsgz189
tsungpubz0000190,tsungTopicz190,tsungMsgz190
tsungpubz0000191,tsungTopicz191,tsungMsgz191
tsungpubz0000192,tsungTopicz192,tsungMsgz192
tsungpubz0000193,tsungTopicz193,tsungMsgz193
tsungpubz0000194,tsungTopicz194,tsungMsgz194
tsungpubz0000195,tsungTopicz195,tsungMsgz195
tsungpubz0000196,tsungTopicz196,tsungMsgz196
tsungpubz0000197,tsungTopicz197,tsungMsgz197
tsungpubz0000198,tsungTopicz198,tsungMsgz198
tsungpubz0000199,tsungTopicz199,tsungMsgz199
tsungpubz0000200,tsungTopicz200,tsungMsgz200
tsungpubz0000201,tsungTopicz201,tsungMsgz201
tsungpubz0000202,tsungTopicz202,tsungMsgz202
tsungpubz0000203,tsungTopicz203,tsungMsgz203
tsungpubz0000204,tsungTopicz204,tsungMsgz204
tsungpubz0000205,tsungTopicz205,tsungMsgz205
tsungpubz0000206,tsungTopicz206,tsungMsgz206
tsungpubz0000207,tsungTopicz207,tsungMsgz207
tsungpubz0000208,tsungTopicz208,tsungMsgz208
tsungpubz0000209,tsungTopicz209,tsungMsgz209
tsungpubz0000210,tsungTopicz210,tsungMsgz210
tsungpubz0000211,tsungTopicz211,tsungMsgz211
tsungpubz0000212,tsungTopicz212,tsungMsgz212
tsungpubz0000213,tsungTopicz213,tsungMsgz213
tsungpubz0000214,tsungTopicz214,tsungMsgz214
tsungpubz0000215,tsungTopicz215,tsungMsgz215
tsungpubz0000216,tsungTopicz216,tsungMsgz216
tsungpubz0000217,tsungTopicz217,tsungMsgz217
tsungpubz0000218,tsungTopicz218,tsungMsgz218
tsungpubz0000219,tsungTopicz219,tsungMsgz219
tsungpubz0000220,tsungTopicz220,tsungMsgz220
tsungpubz0000221,tsungTopicz221,tsungMsgz221
tsungpubz0000222,tsungTopicz222,tsungMsgz222
tsungpubz0000223,tsungTopicz223,tsungMsgz223
tsungpubz0000224,tsungTopicz224,tsungMsgz224
tsungpubz0000225,tsungTopicz225,tsungMsgz225
tsungpubz0000226,tsungTopicz226,tsungMsgz226
tsungpubz0000227,tsungTopicz227,tsungMsgz227
tsungpubz0000228,tsungTopicz228,tsungMsgz228
tsungpubz0000229,tsungTopicz229,tsungMsgz229
tsungpubz0000230,tsungTopicz230,tsungMsgz230
tsungpubz0000231,tsungTopicz231,tsungMsgz231
tsungpubz0000232,tsungTopicz232,tsungMsgz232
tsungpubz0000233,tsungTopicz233,tsungMsgz233
tsungpubz0000234,tsungTopicz234,tsungMsgz234
tsungpubz0000235,tsungTopicz235,tsungMsgz235
tsungpubz0000236,tsungTopicz236,tsungMsgz236
tsungpubz0000237,tsungTopicz237,tsungMsgz237
tsungpubz0000238,tsungTopicz238,tsungMsgz238
tsungpubz0000239,tsungTopicz239,tsungMsgz239
tsungpubz0000240,tsungTopicz240,tsungMsgz240
tsungpubz0000241,tsungTopicz241,tsungMsgz241
tsungpubz0000242,tsungTopicz242,tsungMsgz242
tsungpubz0000243,tsungTopicz243,tsungMsgz243
tsungpubz0000244,tsungTopicz244,tsungMsgz244
tsungpubz0000245,tsungTopicz245,tsungMsgz245
tsungpubz0000246,tsungTopicz246,tsungMsgz246
tsungpubz0000247,tsungTopicz247,tsungMsgz247
tsungpubz0000248,tsungTopicz248,tsungMsgz248
tsungpubz0000249,tsungTopicz249,tsungMsgz249
tsungpubz0000250,tsungTopicz250,tsungMsgz250
tsungpubz0000251,tsungTopicz251,tsungMsgz251
tsungpubz0000252,tsungTopicz252,tsungMsgz252
tsungpubz0000253,tsungTopicz253,tsungMsgz253
tsungpubz0000254,tsungTopicz254,tsungMsgz254
tsungpubz0000255,tsungTopicz255,tsungMsgz255
tsungpubz0000256,tsungTopicz256,tsungMsgz256
tsungpubz0000257,tsungTopicz257,tsungMsgz257
tsungpubz0000258,tsungTopicz258,tsungMsgz258
tsungpubz0000259,tsungTopicz259,tsungMsgz259
tsungpubz0000260,tsungTopicz260,tsungMsgz260
tsungpubz0000261,tsungTopicz261,tsungMsgz261
tsungpubz0000262,tsungTopicz262,tsungMsgz262
tsungpubz0000263,tsungTopicz263,tsungMsgz263
tsungpubz0000264,tsungTopicz264,tsungMsgz264
tsungpubz0000265,tsungTopicz265,tsungMsgz265
tsungpubz0000266,tsungTopicz266,tsungMsgz266
tsungpubz0000267,tsungTopicz267,tsungMsgz267
tsungpubz0000268,tsungTopicz268,tsungMsgz268
tsungpubz0000269,tsungTopicz269,tsungMsgz269
tsungpubz0000270,tsungTopicz270,tsungMsgz270
tsungpubz0000271,tsungTopicz271,tsungMsgz271
tsungpubz0000272,tsungTopicz272,tsungMsgz272
tsungpubz0000273,tsungTopicz273,tsungMsgz273
tsungpubz0000274,tsungTopicz274,tsungMsgz274
tsungpubz0000275,tsungTopicz275,tsungMsgz275
tsungpubz0000276,tsungTopicz276,tsungMsgz276
tsungpubz0000277,tsungTopicz277,tsungMsgz277
tsungpubz0000278,tsungTopicz278,tsungMsgz278
tsungpubz0000279,tsungTopicz279,tsungMsgz279
tsungpubz0000280,tsungTopicz280,tsungMsgz280
tsungpubz0000281,tsungTopicz281,tsungMsgz281
tsungpubz0000282,tsungTopicz282,tsungMsgz282
tsungpubz0000283,tsungTopicz283,tsungMsgz283
tsungpubz0000284,tsungTopicz284,tsungMsgz284
tsungpubz0000285,tsungTopicz285,tsungMsgz285
tsungpubz0000286,tsungTopicz286,tsungMsgz286
tsungpubz0000287,tsungTopicz287,tsungMsgz287
tsungpubz0000288,tsungTopicz288,tsungMsgz288
tsungpubz0000289,tsungTopicz289,tsungMsgz289
tsungpubz0000290,tsungTopicz290,tsungMsgz290
tsungpubz0000291,tsungTopicz291,tsungMsgz291
tsungpubz0000292,tsungTopicz292,tsungMsgz292
tsungpubz0000293,tsungTopicz293,tsungMsgz293
tsungpubz0000294,tsungTopicz294,tsungMsgz294
tsungpubz0000295,tsungTopicz295,tsungMsgz295
tsungpubz0000296,tsungTopicz296,tsungMsgz296
tsungpubz0000297,tsungTopicz297,tsungMsgz297
tsungpubz0000298,tsungTopicz298,tsungMsgz298
tsungpubz0000299,tsungTopicz299,tsungMsgz299
tsungpubz0000300,tsungTopicz300,tsungMsgz300
tsungpubz0000301,tsungTopicz301,tsungMsgz301
tsungpubz0000302,tsungTopicz302,tsungMsgz302
tsungpubz0000303,tsungTopicz303,tsungMsgz303
tsungpubz0000304,tsungTopicz304,tsungMsgz304
tsungpubz0000305,tsungTopicz305,tsungMsgz305
tsungpubz0000306,tsungTopicz306,tsungMsgz306
tsungpubz0000307,tsungTopicz307,tsungMsgz307
tsungpubz0000308,tsungTopicz308,tsungMsgz308
tsungpubz0000309,tsungTopicz309,tsungMsgz309
tsungpubz0000310,tsungTopicz310,tsungMsgz310
tsungpubz0000311,tsungTopicz311,tsungMsgz311
tsungpubz0000312,tsungTopicz312,tsungMsgz312
tsungpubz0000313,tsungTopicz313,tsungMsgz313
tsungpubz0000314,tsungTopicz314,tsungMsgz314
tsungpubz0000315,tsungTopicz315,tsungMsgz315
tsungpubz0000316,tsungTopicz316,tsungMsgz316
tsungpubz0000317,tsungTopicz317,tsungMsgz317
tsungpubz0000318,tsungTopicz318,tsungMsgz318
tsungpubz0000319,tsungTopicz319,tsungMsgz319
tsungpubz0000320,tsungTopicz320,tsungMsgz320
tsungpubz0000321,tsungTopicz321,tsungMsgz321
tsungpubz0000322,tsungTopicz322,tsungMsgz322
tsungpubz0000323,tsungTopicz323,tsungMsgz323
tsungpubz0000324,tsungTopicz324,tsungMsgz324
tsungpubz0000325,tsungTopicz325,tsungMsgz325
tsungpubz0000326,tsungTopicz326,tsungMsgz326
tsungpubz0000327,tsungTopicz327,tsungMsgz327
tsungpubz0000328,tsungTopicz328,tsungMsgz328
tsungpubz0000329,tsungTopicz329,tsungMsgz329
tsungpubz0000330,tsungTopicz330,tsungMsgz330
tsungpubz0000331,tsungTopicz331,tsungMsgz331
tsungpubz0000332,tsungTopicz332,tsungMsgz332
tsungpubz0000333,tsungTopicz333,tsungMsgz333
tsungpubz0000334,tsungTopicz334,tsungMsgz334
tsungpubz0000335,tsungTopicz335,tsungMsgz335
tsungpubz0000336,tsungTopicz336,tsungMsgz336
tsungpubz0000337,tsungTopicz337,tsungMsgz337
tsungpubz0000338,tsungTopicz338,tsungMsgz338
tsungpubz0000339,tsungTopicz339,tsungMsgz339
tsungpubz0000340,tsungTopicz340,tsungMsgz340
tsungpubz0000341,tsungTopicz341,tsungMsgz341
tsungpubz0000342,tsungTopicz342,tsungMsgz342
tsungpubz0000343,tsungTopicz343,tsungMsgz343
tsungpubz0000344,tsungTopicz344,tsungMsgz344
tsungpubz0000345,tsungTopicz345,tsungMsgz345
tsungpubz0000346,tsungTopicz346,tsungMsgz346
tsungpubz0000347,tsungTopicz347,tsungMsgz347
tsungpubz0000348,tsungTopicz348,tsungMsgz348
tsungpubz0000349,tsungTopicz349,tsungMsgz349
tsungpubz0000350,tsungTopicz350,tsungMsgz350
tsungpubz0000351,tsungTopicz351,tsungMsgz351
tsungpubz0000352,tsungTopicz352,tsungMsgz352
tsungpubz0000353,tsungTopicz353,tsungMsgz353
tsungpubz0000354,tsungTopicz354,tsungMsgz354
tsungpubz0000355,tsungTopicz355,tsungMsgz355
tsungpubz0000356,tsungTopicz356,tsungMsgz356
tsungpubz0000357,tsungTopicz357,tsungMsgz357
tsungpubz0000358,tsungTopicz358,tsungMsgz358
tsungpubz0000359,tsungTopicz359,tsungMsgz359
tsungpubz0000360,tsungTopicz360,tsungMsgz360
tsungpubz0000361,tsungTopicz361,tsungMsgz361
tsungpubz0000362,tsungTopicz362,tsungMsgz362
tsungpubz0000363,tsungTopicz363,tsungMsgz363
tsungpubz0000364,tsungTopicz364,tsungMsgz364
tsungpubz0000365,tsungTopicz365,tsungMsgz365
tsungpubz0000366,tsungTopicz366,tsungMsgz366
tsungpubz0000367,tsungTopicz367,tsungMsgz367
tsungpubz0000368,tsungTopicz368,tsungMsgz368
tsungpubz0000369,tsungTopicz369,tsungMsgz369
tsungpubz0000370,tsungTopicz370,tsungMsgz370
tsungpubz0000371,tsungTopicz371,tsungMsgz371
tsungpubz0000372,tsungTopicz372,tsungMsgz372
tsungpubz0000373,tsungTopicz373,tsungMsgz373
tsungpubz0000374,tsungTopicz374,tsungMsgz374
tsungpubz0000375,tsungTopicz375,tsungMsgz375
tsungpubz0000376,tsungTopicz376,tsungMsgz376
tsungpubz0000377,tsungTopicz377,tsungMsgz377
tsungpubz0000378,tsungTopicz378,tsungMsgz378
tsungpubz0000379,tsungTopicz379,tsungMsgz379
tsungpubz0000380,tsungTopicz380,tsungMsgz380
tsungpubz0000381,tsungTopicz381,tsungMsgz381
tsungpubz0000382,tsungTopicz382,tsungMsgz382
tsungpubz0000383,tsungTopicz383,tsungMsgz383
tsungpubz0000384,tsungTopicz384,tsungMsgz384
tsungpubz0000385,tsungTopicz385,tsungMsgz385
tsungpubz0000386,tsungTopicz386,tsungMsgz386
tsungpubz0000387,tsungTopicz387,tsungMsgz387
tsungpubz0000388,tsungTopicz388,tsungMsgz388
tsungpubz0000389,tsungTopicz389,tsungMsgz389
tsungpubz0000390,tsungTopicz390,tsungMsgz390
tsungpubz0000391,tsungTopicz391,tsungMsgz391
tsungpubz0000392,tsungTopicz392,tsungMsgz392
tsungpubz0000393,tsungTopicz393,tsungMsgz393
tsungpubz0000394,tsungTopicz394,tsungMsgz394
tsungpubz0000395,tsungTopicz395,tsungMsgz395
tsungpubz0000396,tsungTopicz396,tsungMsgz396
tsungpubz0000397,tsungTopicz397,tsungMsgz397
tsungpubz0000398,tsungTopicz398,tsungMsgz398
tsungpubz0000399,tsungTopicz399,tsungMsgz399
tsungpubz0000400,tsungTopicz400,tsungMsgz400
tsungpubz0000401,tsungTopicz401,tsungMsgz401
tsungpubz0000402,tsungTopicz402,tsungMsgz402
tsungpubz0000403,tsungTopicz403,tsungMsgz403
tsungpubz0000404,tsungTopicz404,tsungMsgz404
tsungpubz0000405,tsungTopicz405,tsungMsgz405
tsungpubz0000406,tsungTopicz406,tsungMsgz406
tsungpubz0000407,tsungTopicz407,tsungMsgz407
tsungpubz0000408,tsungTopicz408,tsungMsgz408
tsungpubz0000409,tsungTopicz409,tsungMsgz409
tsungpubz0000410,tsungTopicz410,tsungMsgz410
tsungpubz0000411,tsungTopicz411,tsungMsgz411
tsungpubz0000412,tsungTopicz412,tsungMsgz412
tsungpubz0000413,tsungTopicz413,tsungMsgz413
tsungpubz0000414,tsungTopicz414,tsungMsgz414
tsungpubz0000415,tsungTopicz415,tsungMsgz415
tsungpubz0000416,tsungTopicz416,tsungMsgz416
tsungpubz0000417,tsungTopicz417,tsungMsgz417
tsungpubz0000418,tsungTopicz418,tsungMsgz418
tsungpubz0000419,tsungTopicz419,tsungMsgz419
tsungpubz0000420,tsungTopicz420,tsungMsgz420
tsungpubz0000421,tsungTopicz421,tsungMsgz421
tsungpubz0000422,tsungTopicz422,tsungMsgz422
tsungpubz0000423,tsungTopicz423,tsungMsgz423
tsungpubz0000424,tsungTopicz424,tsungMsgz424
tsungpubz0000425,tsungTopicz425,tsungMsgz425
tsungpubz0000426,tsungTopicz426,tsungMsgz426
tsungpubz0000427,tsungTopicz427,tsungMsgz427
tsungpubz0000428,tsungTopicz428,tsungMsgz428
tsungpubz0000429,tsungTopicz429,tsungMsgz429
tsungpubz0000430,tsungTopicz430,tsungMsgz430
tsungpubz0000431,tsungTopicz431,tsungMsgz431
tsungpubz0000432,tsungTopicz432,tsungMsgz432
tsungpubz0000433,tsungTopicz433,tsungMsgz433
tsungpubz0000434,tsungTopicz434,tsungMsgz434
tsungpubz0000435,tsungTopicz435,tsungMsgz435
tsungpubz0000436,tsungTopicz436,tsungMsgz436
tsungpubz0000437,tsungTopicz437,tsungMsgz437
tsungpubz0000438,tsungTopicz438,tsungMsgz438
tsungpubz0000439,tsungTopicz439,tsungMsgz439
tsungpubz0000440,tsungTopicz440,tsungMsgz440
tsungpubz0000441,tsungTopicz441,tsungMsgz441
tsungpubz0000442,tsungTopicz442,tsungMsgz442
tsungpubz0000443,tsungTopicz443,tsungMsgz443
tsungpubz0000444,tsungTopicz444,tsungMsgz444
tsungpubz0000445,tsungTopicz445,tsungMsgz445
tsungpubz0000446,tsungTopicz446,tsungMsgz446
tsungpubz0000447,tsungTopicz447,tsungMsgz447
tsungpubz0000448,tsungTopicz448,tsungMsgz448
tsungpubz0000449,tsungTopicz449,tsungMsgz449
tsungpubz0000450,tsungTopicz450,tsungMsgz450
tsungpubz0000451,tsungTopicz451,tsungMsgz451
tsungpubz0000452,tsungTopicz452,tsungMsgz452
tsungpubz0000453,tsungTopicz453,tsungMsgz453
tsungpubz0000454,tsungTopicz454,tsungMsgz454
tsungpubz0000455,tsungTopicz455,tsungMsgz455
tsungpubz0000456,tsungTopicz456,tsungMsgz456
tsungpubz0000457,tsungTopicz457,tsungMsgz457
tsungpubz0000458,tsungTopicz458,tsungMsgz458
tsungpubz0000459,tsungTopicz459,tsungMsgz459
tsungpubz0000460,tsungTopicz460,tsungMsgz460
tsungpubz0000461,tsungTopicz461,tsungMsgz461
tsungpubz0000462,tsungTopicz462,tsungMsgz462
tsungpubz0000463,tsungTopicz463,tsungMsgz463
tsungpubz0000464,tsungTopicz464,tsungMsgz464
tsungpubz0000465,tsungTopicz465,tsungMsgz465
tsungpubz0000466,tsungTopicz466,tsungMsgz466
tsungpubz0000467,tsungTopicz467,tsungMsgz467
tsungpubz0000468,tsungTopicz468,tsungMsgz468
tsungpubz0000469,tsungTopicz469,tsungMsgz469
tsungpubz0000470,tsungTopicz470,tsungMsgz470
tsungpubz0000471,tsungTopicz471,tsungMsgz471
tsungpubz0000472,tsungTopicz472,tsungMsgz472
tsungpubz0000473,tsungTopicz473,tsungMsgz473
tsungpubz0000474,tsungTopicz474,tsungMsgz474
tsungpubz0000475,tsungTopicz475,tsungMsgz475
tsungpubz0000476,tsungTopicz476,tsungMsgz476
tsungpubz0000477,tsungTopicz477,tsungMsgz477
tsungpubz0000478,tsungTopicz478,tsungMsgz478
tsungpubz0000479,tsungTopicz479,tsungMsgz479
tsungpubz0000480,tsungTopicz480,tsungMsgz480
tsungpubz0000481,tsungTopicz481,tsungMsgz481
tsungpubz0000482,tsungTopicz482,tsungMsgz482
tsungpubz0000483,tsungTopicz483,tsungMsgz483
tsungpubz0000484,tsungTopicz484,tsungMsgz484
tsungpubz0000485,tsungTopicz485,tsungMsgz485
tsungpubz0000486,tsungTopicz486,tsungMsgz486
tsungpubz0000487,tsungTopicz487,tsungMsgz487
tsungpubz0000488,tsungTopicz488,tsungMsgz488
tsungpubz0000489,tsungTopicz489,tsungMsgz489
tsungpubz0000490,tsungTopicz490,tsungMsgz490
tsungpubz0000491,tsungTopicz491,tsungMsgz491
tsungpubz0000492,tsungTopicz492,tsungMsgz492
tsungpubz0000493,tsungTopicz493,tsungMsgz493
tsungpubz0000494,tsungTopicz494,tsungMsgz494
tsungpubz0000495,tsungTopicz495,tsungMsgz495
tsungpubz0000496,tsungTopicz496,tsungMsgz496
tsungpubz0000497,tsungTopicz497,tsungMsgz497
tsungpubz0000498,tsungTopicz498,tsungMsgz498
tsungpubz0000499,tsungTopicz499,tsungMsgz499
tsungpubz0000500,tsungTopicz500,tsungMsgz500
tsungpubz0000501,tsungTopicz501,tsungMsgz501
tsungpubz0000502,tsungTopicz502,tsungMsgz502
tsungpubz0000503,tsungTopicz503,tsungMsgz503
tsungpubz0000504,tsungTopicz504,tsungMsgz504
tsungpubz0000505,tsungTopicz505,tsungMsgz505
tsungpubz0000506,tsungTopicz506,tsungMsgz506
tsungpubz0000507,tsungTopicz507,tsungMsgz507
tsungpubz0000508,tsungTopicz508,tsungMsgz508
tsungpubz0000509,tsungTopicz509,tsungMsgz509
tsungpubz0000510,tsungTopicz510,tsungMsgz510
tsungpubz0000511,tsungTopicz511,tsungMsgz511
tsungpubz0000512,tsungTopicz512,tsungMsgz512
tsungpubz0000513,tsungTopicz513,tsungMsgz513
tsungpubz0000514,tsungTopicz514,tsungMsgz514
tsungpubz0000515,tsungTopicz515,tsungMsgz515
tsungpubz0000516,tsungTopicz516,tsungMsgz516
tsungpubz0000517,tsungTopicz517,tsungMsgz517
tsungpubz0000518,tsungTopicz518,tsungMsgz518
tsungpubz0000519,tsungTopicz519,tsungMsgz519
tsungpubz0000520,tsungTopicz520,tsungMsgz520
tsungpubz0000521,tsungTopicz521,tsungMsgz521
tsungpubz0000522,tsungTopicz522,tsungMsgz522
tsungpubz0000523,tsungTopicz523,tsungMsgz523
tsungpubz0000524,tsungTopicz524,tsungMsgz524
tsungpubz0000525,tsungTopicz525,tsungMsgz525
tsungpubz0000526,tsungTopicz526,tsungMsgz526
tsungpubz0000527,tsungTopicz527,tsungMsgz527
tsungpubz0000528,tsungTopicz528,tsungMsgz528
tsungpubz0000529,tsungTopicz529,tsungMsgz529
tsungpubz0000530,tsungTopicz530,tsungMsgz530
tsungpubz0000531,tsungTopicz531,tsungMsgz531
tsungpubz0000532,tsungTopicz532,tsungMsgz532
tsungpubz0000533,tsungTopicz533,tsungMsgz533
tsungpubz0000534,tsungTopicz534,tsungMsgz534
tsungpubz0000535,tsungTopicz535,tsungMsgz535
tsungpubz0000536,tsungTopicz536,tsungMsgz536
tsungpubz0000537,tsungTopicz537,tsungMsgz537
tsungpubz0000538,tsungTopicz538,tsungMsgz538
tsungpubz0000539,tsungTopicz539,tsungMsgz539
tsungpubz0000540,tsungTopicz540,tsungMsgz540
tsungpubz0000541,tsungTopicz541,tsungMsgz541
tsungpubz0000542,tsungTopicz542,tsungMsgz542
tsungpubz0000543,tsungTopicz543,tsungMsgz543
tsungpubz0000544,tsungTopicz544,tsungMsgz544
tsungpubz0000545,tsungTopicz545,tsungMsgz545
tsungpubz0000546,tsungTopicz546,tsungMsgz546
tsungpubz0000547,tsungTopicz547,tsungMsgz547
tsungpubz0000548,tsungTopicz548,tsungMsgz548
tsungpubz0000549,tsungTopicz549,tsungMsgz549
tsungpubz0000550,tsungTopicz550,tsungMsgz550
tsungpubz0000551,tsungTopicz551,tsungMsgz551
tsungpubz0000552,tsungTopicz552,tsungMsgz552
tsungpubz0000553,tsungTopicz553,tsungMsgz553
tsungpubz0000554,tsungTopicz554,tsungMsgz554
tsungpubz0000555,tsungTopicz555,tsungMsgz555
tsungpubz0000556,tsungTopicz556,tsungMsgz556
tsungpubz0000557,tsungTopicz557,tsungMsgz557
tsungpubz0000558,tsungTopicz558,tsungMsgz558
tsungpubz0000559,tsungTopicz559,tsungMsgz559
tsungpubz0000560,tsungTopicz560,tsungMsgz560
tsungpubz0000561,tsungTopicz561,tsungMsgz561
tsungpubz0000562,tsungTopicz562,tsungMsgz562
tsungpubz0000563,tsungTopicz563,tsungMsgz563
tsungpubz0000564,tsungTopicz564,tsungMsgz564
tsungpubz0000565,tsungTopicz565,tsungMsgz565
tsungpubz0000566,tsungTopicz566,tsungMsgz566
tsungpubz0000567,tsungTopicz567,tsungMsgz567
tsungpubz0000568,tsungTopicz568,tsungMsgz568
tsungpubz0000569,tsungTopicz569,tsungMsgz569
tsungpubz0000570,tsungTopicz570,tsungMsgz570
tsungpubz0000571,tsungTopicz571,tsungMsgz571
tsungpubz0000572,tsungTopicz572,tsungMsgz572
tsungpubz0000573,tsungTopicz573,tsungMsgz573
tsungpubz0000574,tsungTopicz574,tsungMsgz574
tsungpubz0000575,tsungTopicz575,tsungMsgz575
tsungpubz0000576,tsungTopicz576,tsungMsgz576
tsungpubz0000577,tsungTopicz577,tsungMsgz577
tsungpubz0000578,tsungTopicz578,tsungMsgz578
tsungpubz0000579,tsungTopicz579,tsungMsgz579
tsungpubz0000580,tsungTopicz580,tsungMsgz580
tsungpubz0000581,tsungTopicz581,tsungMsgz581
tsungpubz0000582,tsungTopicz582,tsungMsgz582
tsungpubz0000583,tsungTopicz583,tsungMsgz583
tsungpubz0000584,tsungTopicz584,tsungMsgz584
tsungpubz0000585,tsungTopicz585,tsungMsgz585
tsungpubz0000586,tsungTopicz586,tsungMsgz586
tsungpubz0000587,tsungTopicz587,tsungMsgz587
tsungpubz0000588,tsungTopicz588,tsungMsgz588
tsungpubz0000589,tsungTopicz589,tsungMsgz589
tsungpubz0000590,tsungTopicz590,tsungMsgz590
tsungpubz0000591,tsungTopicz591,tsungMsgz591
tsungpubz0000592,tsungTopicz592,tsungMsgz592
tsungpubz0000593,tsungTopicz593,tsungMsgz593
tsungpubz0000594,tsungTopicz594,tsungMsgz594
tsungpubz0000595,tsungTopicz595,tsungMsgz595
tsungpubz0000596,tsungTopicz596,tsungMsgz596
tsungpubz0000597,tsungTopicz597,tsungMsgz597
tsungpubz0000598,tsungTopicz598,tsungMsgz598
tsungpubz0000599,tsungTopicz599,tsungMsgz599
tsungpubz0000600,tsungTopicz600,tsungMsgz600
tsungpubz0000601,tsungTopicz601,tsungMsgz601
tsungpubz0000602,tsungTopicz602,tsungMsgz602
tsungpubz0000603,tsungTopicz603,tsungMsgz603
tsungpubz0000604,tsungTopicz604,tsungMsgz604
tsungpubz0000605,tsungTopicz605,tsungMsgz605
tsungpubz0000606,tsungTopicz606,tsungMsgz606
tsungpubz0000607,tsungTopicz607,tsungMsgz607
tsungpubz0000608,tsungTopicz608,tsungMsgz608
tsungpubz0000609,tsungTopicz609,tsungMsgz609
tsungpubz0000610,tsungTopicz610,tsungMsgz610
tsungpubz0000611,tsungTopicz611,tsungMsgz611
tsungpubz0000612,tsungTopicz612,tsungMsgz612
tsungpubz0000613,tsungTopicz613,tsungMsgz613
tsungpubz0000614,tsungTopicz614,tsungMsgz614
tsungpubz0000615,tsungTopicz615,tsungMsgz615
tsungpubz0000616,tsungTopicz616,tsungMsgz616
tsungpubz0000617,tsungTopicz617,tsungMsgz617
tsungpubz0000618,tsungTopicz618,tsungMsgz618
tsungpubz0000619,tsungTopicz619,tsungMsgz619
tsungpubz0000620,tsungTopicz620,tsungMsgz620
tsungpubz0000621,tsungTopicz621,tsungMsgz621
tsungpubz0000622,tsungTopicz622,tsungMsgz622
tsungpubz0000623,tsungTopicz623,tsungMsgz623
tsungpubz0000624,tsungTopicz624,tsungMsgz624
tsungpubz0000625,tsungTopicz625,tsungMsgz625
tsungpubz0000626,tsungTopicz626,tsungMsgz626
tsungpubz0000627,tsungTopicz627,tsungMsgz627
tsungpubz0000628,tsungTopicz628,tsungMsgz628
tsungpubz0000629,tsungTopicz629,tsungMsgz629
tsungpubz0000630,tsungTopicz630,tsungMsgz630
tsungpubz0000631,tsungTopicz631,tsungMsgz631
tsungpubz0000632,tsungTopicz632,tsungMsgz632
tsungpubz0000633,tsungTopicz633,tsungMsgz633
tsungpubz0000634,tsungTopicz634,tsungMsgz634
tsungpubz0000635,tsungTopicz635,tsungMsgz635
tsungpubz0000636,tsungTopicz636,tsungMsgz636
tsungpubz0000637,tsungTopicz637,tsungMsgz637
tsungpubz0000638,tsungTopicz638,tsungMsgz638
tsungpubz0000639,tsungTopicz639,tsungMsgz639
tsungpubz0000640,tsungTopicz640,tsungMsgz640
tsungpubz0000641,tsungTopicz641,tsungMsgz641
tsungpubz0000642,tsungTopicz642,tsungMsgz642
tsungpubz0000643,tsungTopicz643,tsungMsgz643
tsungpubz0000644,tsungTopicz644,tsungMsgz644
tsungpubz0000645,tsungTopicz645,tsungMsgz645
tsungpubz0000646,tsungTopicz646,tsungMsgz646
tsungpubz0000647,tsungTopicz647,tsungMsgz647
tsungpubz0000648,tsungTopicz648,tsungMsgz648
tsungpubz0000649,tsungTopicz649,tsungMsgz649
tsungpubz0000650,tsungTopicz650,tsungMsgz650
tsungpubz0000651,tsungTopicz651,tsungMsgz651
tsungpubz0000652,tsungTopicz652,tsungMsgz652
tsungpubz0000653,tsungTopicz653,tsungMsgz653
tsungpubz0000654,tsungTopicz654,tsungMsgz654
tsungpubz0000655,tsungTopicz655,tsungMsgz655
tsungpubz0000656,tsungTopicz656,tsungMsgz656
tsungpubz0000657,tsungTopicz657,tsungMsgz657
tsungpubz0000658,tsungTopicz658,tsungMsgz658
tsungpubz0000659,tsungTopicz659,tsungMsgz659
tsungpubz0000660,tsungTopicz660,tsungMsgz660
tsungpubz0000661,tsungTopicz661,tsungMsgz661
tsungpubz0000662,tsungTopicz662,tsungMsgz662
tsungpubz0000663,tsungTopicz663,tsungMsgz663
tsungpubz0000664,tsungTopicz664,tsungMsgz664
tsungpubz0000665,tsungTopicz665,tsungMsgz665
tsungpubz0000666,tsungTopicz666,tsungMsgz666
tsungpubz0000667,tsungTopicz667,tsungMsgz667
tsungpubz0000668,tsungTopicz668,tsungMsgz668
tsungpubz0000669,tsungTopicz669,tsungMsgz669
tsungpubz0000670,tsungTopicz670,tsungMsgz670
tsungpubz0000671,tsungTopicz671,tsungMsgz671
tsungpubz0000672,tsungTopicz672,tsungMsgz672
tsungpubz0000673,tsungTopicz673,tsungMsgz673
tsungpubz0000674,tsungTopicz674,tsungMsgz674
tsungpubz0000675,tsungTopicz675,tsungMsgz675
tsungpubz0000676,tsungTopicz676,tsungMsgz676
tsungpubz0000677,tsungTopicz677,tsungMsgz677
tsungpubz0000678,tsungTopicz678,tsungMsgz678
tsungpubz0000679,tsungTopicz679,tsungMsgz679
tsungpubz0000680,tsungTopicz680,tsungMsgz680
tsungpubz0000681,tsungTopicz681,tsungMsgz681
tsungpubz0000682,tsungTopicz682,tsungMsgz682
tsungpubz0000683,tsungTopicz683,tsungMsgz683
tsungpubz0000684,tsungTopicz684,tsungMsgz684
tsungpubz0000685,tsungTopicz685,tsungMsgz685
tsungpubz0000686,tsungTopicz686,tsungMsgz686
tsungpubz0000687,tsungTopicz687,tsungMsgz687
tsungpubz0000688,tsungTopicz688,tsungMsgz688
tsungpubz0000689,tsungTopicz689,tsungMsgz689
tsungpubz0000690,tsungTopicz690,tsungMsgz690
tsungpubz0000691,tsungTopicz691,tsungMsgz691
tsungpubz0000692,tsungTopicz692,tsungMsgz692
tsungpubz0000693,tsungTopicz693,tsungMsgz693
tsungpubz0000694,tsungTopicz694,tsungMsgz694
tsungpubz0000695,tsungTopicz695,tsungMsgz695
tsungpubz0000696,tsungTopicz696,tsungMsgz696
tsungpubz0000697,tsungTopicz697,tsungMsgz697
tsungpubz0000698,tsungTopicz698,tsungMsgz698
tsungpubz0000699,tsungTopicz699,tsungMsgz699
tsungpubz0000700,tsungTopicz700,tsungMsgz700
tsungpubz0000701,tsungTopicz701,tsungMsgz701
tsungpubz0000702,tsungTopicz702,tsungMsgz702
tsungpubz0000703,tsungTopicz703,tsungMsgz703
tsungpubz0000704,tsungTopicz704,tsungMsgz704
tsungpubz0000705,tsungTopicz705,tsungMsgz705
tsungpubz0000706,tsungTopicz706,tsungMsgz706
tsungpubz0000707,tsungTopicz707,tsungMsgz707
tsungpubz0000708,tsungTopicz708,tsungMsgz708
tsungpubz0000709,tsungTopicz709,tsungMsgz709
tsungpubz0000710,tsungTopicz710,tsungMsgz710
tsungpubz0000711,tsungTopicz711,tsungMsgz711
tsungpubz0000712,tsungTopicz712,tsungMsgz712
tsungpubz0000713,tsungTopicz713,tsungMsgz713
tsungpubz0000714,tsungTopicz714,tsungMsgz714
tsungpubz0000715,tsungTopicz715,tsungMsgz715
tsungpubz0000716,tsungTopicz716,tsungMsgz716
tsungpubz0000717,tsungTopicz717,tsungMsgz717
tsungpubz0000718,tsungTopicz718,tsungMsgz718
tsungpubz0000719,tsungTopicz719,tsungMsgz719
tsungpubz0000720,tsungTopicz720,tsungMsgz720
tsungpubz0000721,tsungTopicz721,tsungMsgz721
tsungpubz0000722,tsungTopicz722,tsungMsgz722
tsungpubz0000723,tsungTopicz723,tsungMsgz723
tsungpubz0000724,tsungTopicz724,tsungMsgz724
tsungpubz0000725,tsungTopicz725,tsungMsgz725
tsungpubz0000726,tsungTopicz726,tsungMsgz726
tsungpubz0000727,tsungTopicz727,tsungMsgz727
tsungpubz0000728,tsungTopicz728,tsungMsgz728
tsungpubz0000729,tsungTopicz729,tsungMsgz729
tsungpubz0000730,tsungTopicz730,tsungMsgz730
tsungpubz0000731,tsungTopicz731,tsungMsgz731
tsungpubz0000732,tsungTopicz732,tsungMsgz732
tsungpubz0000733,tsungTopicz733,tsungMsgz733
tsungpubz0000734,tsungTopicz734,tsungMsgz734
tsungpubz0000735,tsungTopicz735,tsungMsgz735
tsungpubz0000736,tsungTopicz736,tsungMsgz736
tsungpubz0000737,tsungTopicz737,tsungMsgz737
tsungpubz0000738,tsungTopicz738,tsungMsgz738
tsungpubz0000739,tsungTopicz739,tsungMsgz739
tsungpubz0000740,tsungTopicz740,tsungMsgz740
tsungpubz0000741,tsungTopicz741,tsungMsgz741
tsungpubz0000742,tsungTopicz742,tsungMsgz742
tsungpubz0000743,tsungTopicz743,tsungMsgz743
tsungpubz0000744,tsungTopicz744,tsungMsgz744
tsungpubz0000745,tsungTopicz745,tsungMsgz745
tsungpubz0000746,tsungTopicz746,tsungMsgz746
tsungpubz0000747,tsungTopicz747,tsungMsgz747
tsungpubz0000748,tsungTopicz748,tsungMsgz748
tsungpubz0000749,tsungTopicz749,tsungMsgz749
tsungpubz0000750,tsungTopicz750,tsungMsgz750
tsungpubz0000751,tsungTopicz751,tsungMsgz751
tsungpubz0000752,tsungTopicz752,tsungMsgz752
tsungpubz0000753,tsungTopicz753,tsungMsgz753
tsungpubz0000754,tsungTopicz754,tsungMsgz754
tsungpubz0000755,tsungTopicz755,tsungMsgz755
tsungpubz0000756,tsungTopicz756,tsungMsgz756
tsungpubz0000757,tsungTopicz757,tsungMsgz757
tsungpubz0000758,tsungTopicz758,tsungMsgz758
tsungpubz0000759,tsungTopicz759,tsungMsgz759
tsungpubz0000760,tsungTopicz760,tsungMsgz760
tsungpubz0000761,tsungTopicz761,tsungMsgz761
tsungpubz0000762,tsungTopicz762,tsungMsgz762
tsungpubz0000763,tsungTopicz763,tsungMsgz763
tsungpubz0000764,tsungTopicz764,tsungMsgz764
tsungpubz0000765,tsungTopicz765,tsungMsgz765
tsungpubz0000766,tsungTopicz766,tsungMsgz766
tsungpubz0000767,tsungTopicz767,tsungMsgz767
tsungpubz0000768,tsungTopicz768,tsungMsgz768
tsungpubz0000769,tsungTopicz769,tsungMsgz769
tsungpubz0000770,tsungTopicz770,tsungMsgz770
tsungpubz0000771,tsungTopicz771,tsungMsgz771
tsungpubz0000772,tsungTopicz772,tsungMsgz772
tsungpubz0000773,tsungTopicz773,tsungMsgz773
tsungpubz0000774,tsungTopicz774,tsungMsgz774
tsungpubz0000775,tsungTopicz775,tsungMsgz775
tsungpubz0000776,tsungTopicz776,tsungMsgz776
tsungpubz0000777,tsungTopicz777,tsungMsgz777
tsungpubz0000778,tsungTopicz778,tsungMsgz778
tsungpubz0000779,tsungTopicz779,tsungMsgz779
tsungpubz0000780,tsungTopicz780,tsungMsgz780
tsungpubz0000781,tsungTopicz781,tsungMsgz781
tsungpubz0000782,tsungTopicz782,tsungMsgz782
tsungpubz0000783,tsungTopicz783,tsungMsgz783
tsungpubz0000784,tsungTopicz784,tsungMsgz784
tsungpubz0000785,tsungTopicz785,tsungMsgz785
tsungpubz0000786,tsungTopicz786,tsungMsgz786
tsungpubz0000787,tsungTopicz787,tsungMsgz787
tsungpubz0000788,tsungTopicz788,tsungMsgz788
tsungpubz0000789,tsungTopicz789,tsungMsgz789
tsungpubz0000790,tsungTopicz790,tsungMsgz790
tsungpubz0000791,tsungTopicz791,tsungMsgz791
tsungpubz0000792,tsungTopicz792,tsungMsgz792
tsungpubz0000793,tsungTopicz793,tsungMsgz793
tsungpubz0000794,tsungTopicz794,tsungMsgz794
tsungpubz0000795,tsungTopicz795,tsungMsgz795
tsungpubz0000796,tsungTopicz796,tsungMsgz796
tsungpubz0000797,tsungTopicz797,tsungMsgz797
tsungpubz0000798,tsungTopicz798,tsungMsgz798
tsungpubz0000799,tsungTopicz799,tsungMsgz799
tsungpubz0000800,tsungTopicz800,tsungMsgz800
tsungpubz0000801,tsungTopicz801,tsungMsgz801
tsungpubz0000802,tsungTopicz802,tsungMsgz802
tsungpubz0000803,tsungTopicz803,tsungMsgz803
tsungpubz0000804,tsungTopicz804,tsungMsgz804
tsungpubz0000805,tsungTopicz805,tsungMsgz805
tsungpubz0000806,tsungTopicz806,tsungMsgz806
tsungpubz0000807,tsungTopicz807,tsungMsgz807
tsungpubz0000808,tsungTopicz808,tsungMsgz808
tsungpubz0000809,tsungTopicz809,tsungMsgz809
tsungpubz0000810,tsungTopicz810,tsungMsgz810
tsungpubz0000811,tsungTopicz811,tsungMsgz811
tsungpubz0000812,tsungTopicz812,tsungMsgz812
tsungpubz0000813,tsungTopicz813,tsungMsgz813
tsungpubz0000814,tsungTopicz814,tsungMsgz814
tsungpubz0000815,tsungTopicz815,tsungMsgz815
tsungpubz0000816,tsungTopicz816,tsungMsgz816
tsungpubz0000817,tsungTopicz817,tsungMsgz817
tsungpubz0000818,tsungTopicz818,tsungMsgz818
tsungpubz0000819,tsungTopicz819,tsungMsgz819
tsungpubz0000820,tsungTopicz820,tsungMsgz820
tsungpubz0000821,tsungTopicz821,tsungMsgz821
tsungpubz0000822,tsungTopicz822,tsungMsgz822
tsungpubz0000823,tsungTopicz823,tsungMsgz823
tsungpubz0000824,tsungTopicz824,tsungMsgz824
tsungpubz0000825,tsungTopicz825,tsungMsgz825
tsungpubz0000826,tsungTopicz826,tsungMsgz826
tsungpubz0000827,tsungTopicz827,tsungMsgz827
tsungpubz0000828,tsungTopicz828,tsungMsgz828
tsungpubz0000829,tsungTopicz829,tsungMsgz829
tsungpubz0000830,tsungTopicz830,tsungMsgz830
tsungpubz0000831,tsungTopicz831,tsungMsgz831
tsungpubz0000832,tsungTopicz832,tsungMsgz832
tsungpubz0000833,tsungTopicz833,tsungMsgz833
tsungpubz0000834,tsungTopicz834,tsungMsgz834
tsungpubz0000835,tsungTopicz835,tsungMsgz835
tsungpubz0000836,tsungTopicz836,tsungMsgz836
tsungpubz0000837,tsungTopicz837,tsungMsgz837
tsungpubz0000838,tsungTopicz838,tsungMsgz838
tsungpubz0000839,tsungTopicz839,tsungMsgz839
tsungpubz0000840,tsungTopicz840,tsungMsgz840
tsungpubz0000841,tsungTopicz841,tsungMsgz841
tsungpubz0000842,tsungTopicz842,tsungMsgz842
tsungpubz0000843,tsungTopicz843,tsungMsgz843
tsungpubz0000844,tsungTopicz844,tsungMsgz844
tsungpubz0000845,tsungTopicz845,tsungMsgz845
tsungpubz0000846,tsungTopicz846,tsungMsgz846
tsungpubz0000847,tsungTopicz847,tsungMsgz847
tsungpubz0000848,tsungTopicz848,tsungMsgz848
tsungpubz0000849,tsungTopicz849,tsungMsgz849
tsungpubz0000850,tsungTopicz850,tsungMsgz850
tsungpubz0000851,tsungTopicz851,tsungMsgz851
tsungpubz0000852,tsungTopicz852,tsungMsgz852
tsungpubz0000853,tsungTopicz853,tsungMsgz853
tsungpubz0000854,tsungTopicz854,tsungMsgz854
tsungpubz0000855,tsungTopicz855,tsungMsgz855
tsungpubz0000856,tsungTopicz856,tsungMsgz856
tsungpubz0000857,tsungTopicz857,tsungMsgz857
tsungpubz0000858,tsungTopicz858,tsungMsgz858
tsungpubz0000859,tsungTopicz859,tsungMsgz859
tsungpubz0000860,tsungTopicz860,tsungMsgz860
tsungpubz0000861,tsungTopicz861,tsungMsgz861
tsungpubz0000862,tsungTopicz862,tsungMsgz862
tsungpubz0000863,tsungTopicz863,tsungMsgz863
tsungpubz0000864,tsungTopicz864,tsungMsgz864
tsungpubz0000865,tsungTopicz865,tsungMsgz865
tsungpubz0000866,tsungTopicz866,tsungMsgz866
tsungpubz0000867,tsungTopicz867,tsungMsgz867
tsungpubz0000868,tsungTopicz868,tsungMsgz868
tsungpubz0000869,tsungTopicz869,tsungMsgz869
tsungpubz0000870,tsungTopicz870,tsungMsgz870
tsungpubz0000871,tsungTopicz871,tsungMsgz871
tsungpubz0000872,tsungTopicz872,tsungMsgz872
tsungpubz0000873,tsungTopicz873,tsungMsgz873
tsungpubz0000874,tsungTopicz874,tsungMsgz874
tsungpubz0000875,tsungTopicz875,tsungMsgz875
tsungpubz0000876,tsungTopicz876,tsungMsgz876
tsungpubz0000877,tsungTopicz877,tsungMsgz877
tsungpubz0000878,tsungTopicz878,tsungMsgz878
tsungpubz0000879,tsungTopicz879,tsungMsgz879
tsungpubz0000880,tsungTopicz880,tsungMsgz880
tsungpubz0000881,tsungTopicz881,tsungMsgz881
tsungpubz0000882,tsungTopicz882,tsungMsgz882
tsungpubz0000883,tsungTopicz883,tsungMsgz883
tsungpubz0000884,tsungTopicz884,tsungMsgz884
tsungpubz0000885,tsungTopicz885,tsungMsgz885
tsungpubz0000886,tsungTopicz886,tsungMsgz886
tsungpubz0000887,tsungTopicz887,tsungMsgz887
tsungpubz0000888,tsungTopicz888,tsungMsgz888
tsungpubz0000889,tsungTopicz889,tsungMsgz889
tsungpubz0000890,tsungTopicz890,tsungMsgz890
tsungpubz0000891,tsungTopicz891,tsungMsgz891
tsungpubz0000892,tsungTopicz892,tsungMsgz892
tsungpubz0000893,tsungTopicz893,tsungMsgz893
tsungpubz0000894,tsungTopicz894,tsungMsgz894
tsungpubz0000895,tsungTopicz895,tsungMsgz895
tsungpubz0000896,tsungTopicz896,tsungMsgz896
tsungpubz0000897,tsungTopicz897,tsungMsgz897
tsungpubz0000898,tsungTopicz898,tsungMsgz898
tsungpubz0000899,tsungTopicz899,tsungMsgz899
tsungpubz0000900,tsungTopicz900,tsungMsgz900
tsungpubz0000901,tsungTopicz901,tsungMsgz901
tsungpubz0000902,tsungTopicz902,tsungMsgz902
tsungpubz0000903,tsungTopicz903,tsungMsgz903
tsungpubz0000904,tsungTopicz904,tsungMsgz904
tsungpubz0000905,tsungTopicz905,tsungMsgz905
tsungpubz0000906,tsungTopicz906,tsungMsgz906
tsungpubz0000907,tsungTopicz907,tsungMsgz907
tsungpubz0000908,tsungTopicz908,tsungMsgz908
tsungpubz0000909,tsungTopicz909,tsungMsgz909
tsungpubz0000910,tsungTopicz910,tsungMsgz910
tsungpubz0000911,tsungTopicz911,tsungMsgz911
tsungpubz0000912,tsungTopicz912,tsungMsgz912
tsungpubz0000913,tsungTopicz913,tsungMsgz913
tsungpubz0000914,tsungTopicz914,tsungMsgz914
tsungpubz0000915,tsungTopicz915,tsungMsgz915
tsungpubz0000916,tsungTopicz916,tsungMsgz916
tsungpubz0000917,tsungTopicz917,tsungMsgz917
tsungpubz0000918,tsungTopicz918,tsungMsgz918
tsungpubz0000919,tsungTopicz919,tsungMsgz919
tsungpubz0000920,tsungTopicz920,tsungMsgz920
tsungpubz0000921,tsungTopicz921,tsungMsgz921
tsungpubz0000922,tsungTopicz922,tsungMsgz922
tsungpubz0000923,tsungTopicz923,tsungMsgz923
tsungpubz0000924,tsungTopicz924,tsungMsgz924
tsungpubz0000925,tsungTopicz925,tsungMsgz925
tsungpubz0000926,tsungTopicz926,tsungMsgz926
tsungpubz0000927,tsungTopicz927,tsungMsgz927
tsungpubz0000928,tsungTopicz928,tsungMsgz928
tsungpubz0000929,tsungTopicz929,tsungMsgz929
tsungpubz0000930,tsungTopicz930,tsungMsgz930
tsungpubz0000931,tsungTopicz931,tsungMsgz931
tsungpubz0000932,tsungTopicz932,tsungMsgz932
tsungpubz0000933,tsungTopicz933,tsungMsgz933
tsungpubz0000934,tsungTopicz934,tsungMsgz934
tsungpubz0000935,tsungTopicz935,tsungMsgz935
tsungpubz0000936,tsungTopicz936,tsungMsgz936
tsungpubz0000937,tsungTopicz937,tsungMsgz937
tsungpubz0000938,tsungTopicz938,tsungMsgz938
tsungpubz0000939,tsungTopicz939,tsungMsgz939
tsungpubz0000940,tsungTopicz940,tsungMsgz940
tsungpubz0000941,tsungTopicz941,tsungMsgz941
tsungpubz0000942,tsungTopicz942,tsungMsgz942
tsungpubz0000943,tsungTopicz943,tsungMsgz943
tsungpubz0000944,tsungTopicz944,tsungMsgz944
tsungpubz0000945,tsungTopicz945,tsungMsgz945
tsungpubz0000946,tsungTopicz946,tsungMsgz946
tsungpubz0000947,tsungTopicz947,tsungMsgz947
tsungpubz0000948,tsungTopicz948,tsungMsgz948
tsungpubz0000949,tsungTopicz949,tsungMsgz949
tsungpubz0000950,tsungTopicz950,tsungMsgz950
tsungpubz0000951,tsungTopicz951,tsungMsgz951
tsungpubz0000952,tsungTopicz952,tsungMsgz952
tsungpubz0000953,tsungTopicz953,tsungMsgz953
tsungpubz0000954,tsungTopicz954,tsungMsgz954
tsungpubz0000955,tsungTopicz955,tsungMsgz955
tsungpubz0000956,tsungTopicz956,tsungMsgz956
tsungpubz0000957,tsungTopicz957,tsungMsgz957
tsungpubz0000958,tsungTopicz958,tsungMsgz958
tsungpubz0000959,tsungTopicz959,tsungMsgz959
tsungpubz0000960,tsungTopicz960,tsungMsgz960
tsungpubz0000961,tsungTopicz961,tsungMsgz961
tsungpubz0000962,tsungTopicz962,tsungMsgz962
tsungpubz0000963,tsungTopicz963,tsungMsgz963
tsungpubz0000964,tsungTopicz964,tsungMsgz964
tsungpubz0000965,tsungTopicz965,tsungMsgz965
tsungpubz0000966,tsungTopicz966,tsungMsgz966
tsungpubz0000967,tsungTopicz967,tsungMsgz967
tsungpubz0000968,tsungTopicz968,tsungMsgz968
tsungpubz0000969,tsungTopicz969,tsungMsgz969
tsungpubz0000970,tsungTopicz970,tsungMsgz970
tsungpubz0000971,tsungTopicz971,tsungMsgz971
tsungpubz0000972,tsungTopicz972,tsungMsgz972
tsungpubz0000973,tsungTopicz973,tsungMsgz973
tsungpubz0000974,tsungTopicz974,tsungMsgz974
tsungpubz0000975,tsungTopicz975,tsungMsgz975
tsungpubz0000976,tsungTopicz976,tsungMsgz976
tsungpubz0000977,tsungTopicz977,tsungMsgz977
tsungpubz0000978,tsungTopicz978,tsungMsgz978
tsungpubz0000979,tsungTopicz979,tsungMsgz979
tsungpubz0000980,tsungTopicz980,tsungMsgz980
tsungpubz0000981,tsungTopicz981,tsungMsgz981
tsungpubz0000982,tsungTopicz982,tsungMsgz982
tsungpubz0000983,tsungTopicz983,tsungMsgz983
tsungpubz0000984,tsungTopicz984,tsungMsgz984
tsungpubz0000985,tsungTopicz985,tsungMsgz985
tsungpubz0000986,tsungTopicz986,tsungMsgz986
tsungpubz0000987,tsungTopicz987,tsungMsgz987
tsungpubz0000988,tsungTopicz988,tsungMsgz988
tsungpubz0000989,tsungTopicz989,tsungMsgz989
tsungpubz0000990,tsungTopicz990,tsungMsgz990
tsungpubz0000991,tsungTopicz991,tsungMsgz991
tsungpubz0000992,tsungTopicz992,tsungMsgz992
tsungpubz0000993,tsungTopicz993,tsungMsgz993
tsungpubz0000994,tsungTopicz994,tsungMsgz994
tsungpubz0000995,tsungTopicz995,tsungMsgz995
tsungpubz0000996,tsungTopicz996,tsungMsgz996
tsungpubz0000997,tsungTopicz997,tsungMsgz997
tsungpubz0000998,tsungTopicz998,tsungMsgz998
tsungpubz0000999,tsungTopicz999,tsungMsgz999
