tsungsubz0,tsungTopicz0
tsungsubz1,tsungTopicz1
tsungsubz2,tsungTopicz2
tsungsubz3,tsungTopicz3
tsungsubz4,tsungTopicz4
tsungsubz5,tsungTopicz5
tsungsubz6,tsungTopicz6
tsungsubz7,tsungTopicz7
tsungsubz8,tsungTopicz8
tsungsubz9,tsungTopicz9
tsungsubz10,tsungTopicz10
tsungsubz11,tsungTopicz11
tsungsubz12,tsungTopicz12
tsungsubz13,tsungTopicz13
tsungsubz14,tsungTopicz14
tsungsubz15,tsungTopicz15
tsungsubz16,tsungTopicz16
tsungsubz17,tsungTopicz17
tsungsubz18,tsungTopicz18
tsungsubz19,tsungTopicz19
tsungsubz20,tsungTopicz20
tsungsubz21,tsungTopicz21
tsungsubz22,tsungTopicz22
tsungsubz23,tsungTopicz23
tsungsubz24,tsungTopicz24
tsungsubz25,tsungTopicz25
tsungsubz26,tsungTopicz26
tsungsubz27,tsungTopicz27
tsungsubz28,tsungTopicz28
tsungsubz29,tsungTopicz29
tsungsubz30,tsungTopicz30
tsungsubz31,tsungTopicz31
tsungsubz32,tsungTopicz32
tsungsubz33,tsungTopicz33
tsungsubz34,tsungTopicz34
tsungsubz35,tsungTopicz35
tsungsubz36,tsungTopicz36
tsungsubz37,tsungTopicz37
tsungsubz38,tsungTopicz38
tsungsubz39,tsungTopicz39
tsungsubz40,tsungTopicz40
tsungsubz41,tsungTopicz41
tsungsubz42,tsungTopicz42
tsungsubz43,tsungTopicz43
tsungsubz44,tsungTopicz44
tsungsubz45,tsungTopicz45
tsungsubz46,tsungTopicz46
tsungsubz47,tsungTopicz47
tsungsubz48,tsungTopicz48
tsungsubz49,tsungTopicz49
tsungsubz50,tsungTopicz50
tsungsubz51,tsungTopicz51
tsungsubz52,tsungTopicz52
tsungsubz53,tsungTopicz53
tsungsubz54,tsungTopicz54
tsungsubz55,tsungTopicz55
tsungsubz56,tsungTopicz56
tsungsubz57,tsungTopicz57
tsungsubz58,tsungTopicz58
tsungsubz59,tsungTopicz59
tsungsubz60,tsungTopicz60
tsungsubz61,tsungTopicz61
tsungsubz62,tsungTopicz62
tsungsubz63,tsungTopicz63
tsungsubz64,tsungTopicz64
tsungsubz65,tsungTopicz65
tsungsubz66,tsungTopicz66
tsungsubz67,tsungTopicz67
tsungsubz68,tsungTopicz68
tsungsubz69,tsungTopicz69
tsungsubz70,tsungTopicz70
tsungsubz71,tsungTopicz71
tsungsubz72,tsungTopicz72
tsungsubz73,tsungTopicz73
tsungsubz74,tsungTopicz74
tsungsubz75,tsungTopicz75
tsungsubz76,tsungTopicz76
tsungsubz77,tsungTopicz77
tsungsubz78,tsungTopicz78
tsungsubz79,tsungTopicz79
tsungsubz80,tsungTopicz80
tsungsubz81,tsungTopicz81
tsungsubz82,tsungTopicz82
tsungsubz83,tsungTopicz83
tsungsubz84,tsungTopicz84
tsungsubz85,tsungTopicz85
tsungsubz86,tsungTopicz86
tsungsubz87,tsungTopicz87
tsungsubz88,tsungTopicz88
tsungsubz89,tsungTopicz89
tsungsubz90,tsungTopicz90
tsungsubz91,tsungTopicz91
tsungsubz92,tsungTopicz92
tsungsubz93,tsungTopicz93
tsungsubz94,tsungTopicz94
tsungsubz95,tsungTopicz95
tsungsubz96,tsungTopicz96
tsungsubz97,tsungTopicz97
tsungsubz98,tsungTopicz98
tsungsubz99,tsungTopicz99
tsungsubz100,tsungTopicz100
tsungsubz101,tsungTopicz101
tsungsubz102,tsungTopicz102
tsungsubz103,tsungTopicz103
tsungsubz104,tsungTopicz104
tsungsubz105,tsungTopicz105
tsungsubz106,tsungTopicz106
tsungsubz107,tsungTopicz107
tsungsubz108,tsungTopicz108
tsungsubz109,tsungTopicz109
tsungsubz110,tsungTopicz110
tsungsubz111,tsungTopicz111
tsungsubz112,tsungTopicz112
tsungsubz113,tsungTopicz113
tsungsubz114,tsungTopicz114
tsungsubz115,tsungTopicz115
tsungsubz116,tsungTopicz116
tsungsubz117,tsungTopicz117
tsungsubz118,tsungTopicz118
tsungsubz119,tsungTopicz119
tsungsubz120,tsungTopicz120
tsungsubz121,tsungTopicz121
tsungsubz122,tsungTopicz122
tsungsubz123,tsungTopicz123
tsungsubz124,tsungTopicz124
tsungsubz125,tsungTopicz125
tsungsubz126,tsungTopicz126
tsungsubz127,tsungTopicz127
tsungsubz128,tsungTopicz128
tsungsubz129,tsungTopicz129
tsungsubz130,tsungTopicz130
tsungsubz131,tsungTopicz131
tsungsubz132,tsungTopicz132
tsungsubz133,tsungTopicz133
tsungsubz134,tsungTopicz134
tsungsubz135,tsungTopicz135
tsungsubz136,tsungTopicz136
tsungsubz137,tsungTopicz137
tsungsubz138,tsungTopicz138
tsungsubz139,tsungTopicz139
tsungsubz140,tsungTopicz140
tsungsubz141,tsungTopicz141
tsungsubz142,tsungTopicz142
tsungsubz143,tsungTopicz143
tsungsubz144,tsungTopicz144
tsungsubz145,tsungTopicz145
tsungsubz146,tsungTopicz146
tsungsubz147,tsungTopicz147
tsungsubz148,tsungTopicz148
tsungsubz149,tsungTopicz149
tsungsubz150,tsungTopicz150
tsungsubz151,tsungTopicz151
tsungsubz152,tsungTopicz152
tsungsubz153,tsungTopicz153
tsungsubz154,tsungTopicz154
tsungsubz155,tsungTopicz155
tsungsubz156,tsungTopicz156
tsungsubz157,tsungTopicz157
tsungsubz158,tsungTopicz158
tsungsubz159,tsungTopicz159
tsungsubz160,tsungTopicz160
tsungsubz161,tsungTopicz161
tsungsubz162,tsungTopicz162
tsungsubz163,tsungTopicz163
tsungsubz164,tsungTopicz164
tsungsubz165,tsungTopicz165
tsungsubz166,tsungTopicz166
tsungsubz167,tsungTopicz167
tsungsubz168,tsungTopicz168
tsungsubz169,tsungTopicz169
tsungsubz170,tsungTopicz170
tsungsubz171,tsungTopicz171
tsungsubz172,tsungTopicz172
tsungsubz173,tsungTopicz173
tsungsubz174,tsungTopicz174
tsungsubz175,tsungTopicz175
tsungsubz176,tsungTopicz176
tsungsubz177,tsungTopicz177
tsungsubz178,tsungTopicz178
tsungsubz179,tsungTopicz179
tsungsubz180,tsungTopicz180
tsungsubz181,tsungTopicz181
tsungsubz182,tsungTopicz182
tsungsubz183,tsungTopicz183
tsungsubz184,tsungTopicz184
tsungsubz185,tsungTopicz185
tsungsubz186,tsungTopicz186
tsungsubz187,tsungTopicz187
tsungsubz188,tsungTopicz188
tsungsubz189,tsungTopicz189
tsungsubz190,tsungTopicz190
tsungsubz191,tsungTopicz191
tsungsubz192,tsungTopicz192
tsungsubz193,tsungTopicz193
tsungsubz194,tsungTopicz194
tsungsubz195,tsungTopicz195
tsungsubz196,tsungTopicz196
tsungsubz197,tsungTopicz197
tsungsubz198,tsungTopicz198
tsungsubz199,tsungTopicz199
tsungsubz200,tsungTopicz200
tsungsubz201,tsungTopicz201
tsungsubz202,tsungTopicz202
tsungsubz203,tsungTopicz203
tsungsubz204,tsungTopicz204
tsungsubz205,tsungTopicz205
tsungsubz206,tsungTopicz206
tsungsubz207,tsungTopicz207
tsungsubz208,tsungTopicz208
tsungsubz209,tsungTopicz209
tsungsubz210,tsungTopicz210
tsungsubz211,tsungTopicz211
tsungsubz212,tsungTopicz212
tsungsubz213,tsungTopicz213
tsungsubz214,tsungTopicz214
tsungsubz215,tsungTopicz215
tsungsubz216,tsungTopicz216
tsungsubz217,tsungTopicz217
tsungsubz218,tsungTopicz218
tsungsubz219,tsungTopicz219
tsungsubz220,tsungTopicz220
tsungsubz221,tsungTopicz221
tsungsubz222,tsungTopicz222
tsungsubz223,tsungTopicz223
tsungsubz224,tsungTopicz224
tsungsubz225,tsungTopicz225
tsungsubz226,tsungTopicz226
tsungsubz227,tsungTopicz227
tsungsubz228,tsungTopicz228
tsungsubz229,tsungTopicz229
tsungsubz230,tsungTopicz230
tsungsubz231,tsungTopicz231
tsungsubz232,tsungTopicz232
tsungsubz233,tsungTopicz233
tsungsubz234,tsungTopicz234
tsungsubz235,tsungTopicz235
tsungsubz236,tsungTopicz236
tsungsubz237,tsungTopicz237
tsungsubz238,tsungTopicz238
tsungsubz239,tsungTopicz239
tsungsubz240,tsungTopicz240
tsungsubz241,tsungTopicz241
tsungsubz242,tsungTopicz242
tsungsubz243,tsungTopicz243
tsungsubz244,tsungTopicz244
tsungsubz245,tsungTopicz245
tsungsubz246,tsungTopicz246
tsungsubz247,tsungTopicz247
tsungsubz248,tsungTopicz248
tsungsubz249,tsungTopicz249
tsungsubz250,tsungTopicz250
tsungsubz251,tsungTopicz251
tsungsubz252,tsungTopicz252
tsungsubz253,tsungTopicz253
tsungsubz254,tsungTopicz254
tsungsubz255,tsungTopicz255
tsungsubz256,tsungTopicz256
tsungsubz257,tsungTopicz257
tsungsubz258,tsungTopicz258
tsungsubz259,tsungTopicz259
tsungsubz260,tsungTopicz260
tsungsubz261,tsungTopicz261
tsungsubz262,tsungTopicz262
tsungsubz263,tsungTopicz263
tsungsubz264,tsungTopicz264
tsungsubz265,tsungTopicz265
tsungsubz266,tsungTopicz266
tsungsubz267,tsungTopicz267
tsungsubz268,tsungTopicz268
tsungsubz269,tsungTopicz269
tsungsubz270,tsungTopicz270
tsungsubz271,tsungTopicz271
tsungsubz272,tsungTopicz272
tsungsubz273,tsungTopicz273
tsungsubz274,tsungTopicz274
tsungsubz275,tsungTopicz275
tsungsubz276,tsungTopicz276
tsungsubz277,tsungTopicz277
tsungsubz278,tsungTopicz278
tsungsubz279,tsungTopicz279
tsungsubz280,tsungTopicz280
tsungsubz281,tsungTopicz281
tsungsubz282,tsungTopicz282
tsungsubz283,tsungTopicz283
tsungsubz284,tsungTopicz284
tsungsubz285,tsungTopicz285
tsungsubz286,tsungTopicz286
tsungsubz287,tsungTopicz287
tsungsubz288,tsungTopicz288
tsungsubz289,tsungTopicz289
tsungsubz290,tsungTopicz290
tsungsubz291,tsungTopicz291
tsungsubz292,tsungTopicz292
tsungsubz293,tsungTopicz293
tsungsubz294,tsungTopicz294
tsungsubz295,tsungTopicz295
tsungsubz296,tsungTopicz296
tsungsubz297,tsungTopicz297
tsungsubz298,tsungTopicz298
tsungsubz299,tsungTopicz299
tsungsubz300,tsungTopicz300
tsungsubz301,tsungTopicz301
tsungsubz302,tsungTopicz302
tsungsubz303,tsungTopicz303
tsungsubz304,tsungTopicz304
tsungsubz305,tsungTopicz305
tsungsubz306,tsungTopicz306
tsungsubz307,tsungTopicz307
tsungsubz308,tsungTopicz308
tsungsubz309,tsungTopicz309
tsungsubz310,tsungTopicz310
tsungsubz311,tsungTopicz311
tsungsubz312,tsungTopicz312
tsungsubz313,tsungTopicz313
tsungsubz314,tsungTopicz314
tsungsubz315,tsungTopicz315
tsungsubz316,tsungTopicz316
tsungsubz317,tsungTopicz317
tsungsubz318,tsungTopicz318
tsungsubz319,tsungTopicz319
tsungsubz320,tsungTopicz320
tsungsubz321,tsungTopicz321
tsungsubz322,tsungTopicz322
tsungsubz323,tsungTopicz323
tsungsubz324,tsungTopicz324
tsungsubz325,tsungTopicz325
tsungsubz326,tsungTopicz326
tsungsubz327,tsungTopicz327
tsungsubz328,tsungTopicz328
tsungsubz329,tsungTopicz329
tsungsubz330,tsungTopicz330
tsungsubz331,tsungTopicz331
tsungsubz332,tsungTopicz332
tsungsubz333,tsungTopicz333
tsungsubz334,tsungTopicz334
tsungsubz335,tsungTopicz335
tsungsubz336,tsungTopicz336
tsungsubz337,tsungTopicz337
tsungsubz338,tsungTopicz338
tsungsubz339,tsungTopicz339
tsungsubz340,tsungTopicz340
tsungsubz341,tsungTopicz341
tsungsubz342,tsungTopicz342
tsungsubz343,tsungTopicz343
tsungsubz344,tsungTopicz344
tsungsubz345,tsungTopicz345
tsungsubz346,tsungTopicz346
tsungsubz347,tsungTopicz347
tsungsubz348,tsungTopicz348
tsungsubz349,tsungTopicz349
tsungsubz350,tsungTopicz350
tsungsubz351,tsungTopicz351
tsungsubz352,tsungTopicz352
tsungsubz353,tsungTopicz353
tsungsubz354,tsungTopicz354
tsungsubz355,tsungTopicz355
tsungsubz356,tsungTopicz356
tsungsubz357,tsungTopicz357
tsungsubz358,tsungTopicz358
tsungsubz359,tsungTopicz359
tsungsubz360,tsungTopicz360
tsungsubz361,tsungTopicz361
tsungsubz362,tsungTopicz362
tsungsubz363,tsungTopicz363
tsungsubz364,tsungTopicz364
tsungsubz365,tsungTopicz365
tsungsubz366,tsungTopicz366
tsungsubz367,tsungTopicz367
tsungsubz368,tsungTopicz368
tsungsubz369,tsungTopicz369
tsungsubz370,tsungTopicz370
tsungsubz371,tsungTopicz371
tsungsubz372,tsungTopicz372
tsungsubz373,tsungTopicz373
tsungsubz374,tsungTopicz374
tsungsubz375,tsungTopicz375
tsungsubz376,tsungTopicz376
tsungsubz377,tsungTopicz377
tsungsubz378,tsungTopicz378
tsungsubz379,tsungTopicz379
tsungsubz380,tsungTopicz380
tsungsubz381,tsungTopicz381
tsungsubz382,tsungTopicz382
tsungsubz383,tsungTopicz383
tsungsubz384,tsungTopicz384
tsungsubz385,tsungTopicz385
tsungsubz386,tsungTopicz386
tsungsubz387,tsungTopicz387
tsungsubz388,tsungTopicz388
tsungsubz389,tsungTopicz389
tsungsubz390,tsungTopicz390
tsungsubz391,tsungTopicz391
tsungsubz392,tsungTopicz392
tsungsubz393,tsungTopicz393
tsungsubz394,tsungTopicz394
tsungsubz395,tsungTopicz395
tsungsubz396,tsungTopicz396
tsungsubz397,tsungTopicz397
tsungsubz398,tsungTopicz398
tsungsubz399,tsungTopicz399
tsungsubz400,tsungTopicz400
tsungsubz401,tsungTopicz401
tsungsubz402,tsungTopicz402
tsungsubz403,tsungTopicz403
tsungsubz404,tsungTopicz404
tsungsubz405,tsungTopicz405
tsungsubz406,tsungTopicz406
tsungsubz407,tsungTopicz407
tsungsubz408,tsungTopicz408
tsungsubz409,tsungTopicz409
tsungsubz410,tsungTopicz410
tsungsubz411,tsungTopicz411
tsungsubz412,tsungTopicz412
tsungsubz413,tsungTopicz413
tsungsubz414,tsungTopicz414
tsungsubz415,tsungTopicz415
tsungsubz416,tsungTopicz416
tsungsubz417,tsungTopicz417
tsungsubz418,tsungTopicz418
tsungsubz419,tsungTopicz419
tsungsubz420,tsungTopicz420
tsungsubz421,tsungTopicz421
tsungsubz422,tsungTopicz422
tsungsubz423,tsungTopicz423
tsungsubz424,tsungTopicz424
tsungsubz425,tsungTopicz425
tsungsubz426,tsungTopicz426
tsungsubz427,tsungTopicz427
tsungsubz428,tsungTopicz428
tsungsubz429,tsungTopicz429
tsungsubz430,tsungTopicz430
tsungsubz431,tsungTopicz431
tsungsubz432,tsungTopicz432
tsungsubz433,tsungTopicz433
tsungsubz434,tsungTopicz434
tsungsubz435,tsungTopicz435
tsungsubz436,tsungTopicz436
tsungsubz437,tsungTopicz437
tsungsubz438,tsungTopicz438
tsungsubz439,tsungTopicz439
tsungsubz440,tsungTopicz440
tsungsubz441,tsungTopicz441
tsungsubz442,tsungTopicz442
tsungsubz443,tsungTopicz443
tsungsubz444,tsungTopicz444
tsungsubz445,tsungTopicz445
tsungsubz446,tsungTopicz446
tsungsubz447,tsungTopicz447
tsungsubz448,tsungTopicz448
tsungsubz449,tsungTopicz449
tsungsubz450,tsungTopicz450
tsungsubz451,tsungTopicz451
tsungsubz452,tsungTopicz452
tsungsubz453,tsungTopicz453
tsungsubz454,tsungTopicz454
tsungsubz455,tsungTopicz455
tsungsubz456,tsungTopicz456
tsungsubz457,tsungTopicz457
tsungsubz458,tsungTopicz458
tsungsubz459,tsungTopicz459
tsungsubz460,tsungTopicz460
tsungsubz461,tsungTopicz461
tsungsubz462,tsungTopicz462
tsungsubz463,tsungTopicz463
tsungsubz464,tsungTopicz464
tsungsubz465,tsungTopicz465
tsungsubz466,tsungTopicz466
tsungsubz467,tsungTopicz467
tsungsubz468,tsungTopicz468
tsungsubz469,tsungTopicz469
tsungsubz470,tsungTopicz470
tsungsubz471,tsungTopicz471
tsungsubz472,tsungTopicz472
tsungsubz473,tsungTopicz473
tsungsubz474,tsungTopicz474
tsungsubz475,tsungTopicz475
tsungsubz476,tsungTopicz476
tsungsubz477,tsungTopicz477
tsungsubz478,tsungTopicz478
tsungsubz479,tsungTopicz479
tsungsubz480,tsungTopicz480
tsungsubz481,tsungTopicz481
tsungsubz482,tsungTopicz482
tsungsubz483,tsungTopicz483
tsungsubz484,tsungTopicz484
tsungsubz485,tsungTopicz485
tsungsubz486,tsungTopicz486
tsungsubz487,tsungTopicz487
tsungsubz488,tsungTopicz488
tsungsubz489,tsungTopicz489
tsungsubz490,tsungTopicz490
tsungsubz491,tsungTopicz491
tsungsubz492,tsungTopicz492
tsungsubz493,tsungTopicz493
tsungsubz494,tsungTopicz494
tsungsubz495,tsungTopicz495
tsungsubz496,tsungTopicz496
tsungsubz497,tsungTopicz497
tsungsubz498,tsungTopicz498
tsungsubz499,tsungTopicz499
tsungsubz500,tsungTopicz500
tsungsubz501,tsungTopicz501
tsungsubz502,tsungTopicz502
tsungsubz503,tsungTopicz503
tsungsubz504,tsungTopicz504
tsungsubz505,tsungTopicz505
tsungsubz506,tsungTopicz506
tsungsubz507,tsungTopicz507
tsungsubz508,tsungTopicz508
tsungsubz509,tsungTopicz509
tsungsubz510,tsungTopicz510
tsungsubz511,tsungTopicz511
tsungsubz512,tsungTopicz512
tsungsubz513,tsungTopicz513
tsungsubz514,tsungTopicz514
tsungsubz515,tsungTopicz515
tsungsubz516,tsungTopicz516
tsungsubz517,tsungTopicz517
tsungsubz518,tsungTopicz518
tsungsubz519,tsungTopicz519
tsungsubz520,tsungTopicz520
tsungsubz521,tsungTopicz521
tsungsubz522,tsungTopicz522
tsungsubz523,tsungTopicz523
tsungsubz524,tsungTopicz524
tsungsubz525,tsungTopicz525
tsungsubz526,tsungTopicz526
tsungsubz527,tsungTopicz527
tsungsubz528,tsungTopicz528
tsungsubz529,tsungTopicz529
tsungsubz530,tsungTopicz530
tsungsubz531,tsungTopicz531
tsungsubz532,tsungTopicz532
tsungsubz533,tsungTopicz533
tsungsubz534,tsungTopicz534
tsungsubz535,tsungTopicz535
tsungsubz536,tsungTopicz536
tsungsubz537,tsungTopicz537
tsungsubz538,tsungTopicz538
tsungsubz539,tsungTopicz539
tsungsubz540,tsungTopicz540
tsungsubz541,tsungTopicz541
tsungsubz542,tsungTopicz542
tsungsubz543,tsungTopicz543
tsungsubz544,tsungTopicz544
tsungsubz545,tsungTopicz545
tsungsubz546,tsungTopicz546
tsungsubz547,tsungTopicz547
tsungsubz548,tsungTopicz548
tsungsubz549,tsungTopicz549
tsungsubz550,tsungTopicz550
tsungsubz551,tsungTopicz551
tsungsubz552,tsungTopicz552
tsungsubz553,tsungTopicz553
tsungsubz554,tsungTopicz554
tsungsubz555,tsungTopicz555
tsungsubz556,tsungTopicz556
tsungsubz557,tsungTopicz557
tsungsubz558,tsungTopicz558
tsungsubz559,tsungTopicz559
tsungsubz560,tsungTopicz560
tsungsubz561,tsungTopicz561
tsungsubz562,tsungTopicz562
tsungsubz563,tsungTopicz563
tsungsubz564,tsungTopicz564
tsungsubz565,tsungTopicz565
tsungsubz566,tsungTopicz566
tsungsubz567,tsungTopicz567
tsungsubz568,tsungTopicz568
tsungsubz569,tsungTopicz569
tsungsubz570,tsungTopicz570
tsungsubz571,tsungTopicz571
tsungsubz572,tsungTopicz572
tsungsubz573,tsungTopicz573
tsungsubz574,tsungTopicz574
tsungsubz575,tsungTopicz575
tsungsubz576,tsungTopicz576
tsungsubz577,tsungTopicz577
tsungsubz578,tsungTopicz578
tsungsubz579,tsungTopicz579
tsungsubz580,tsungTopicz580
tsungsubz581,tsungTopicz581
tsungsubz582,tsungTopicz582
tsungsubz583,tsungTopicz583
tsungsubz584,tsungTopicz584
tsungsubz585,tsungTopicz585
tsungsubz586,tsungTopicz586
tsungsubz587,tsungTopicz587
tsungsubz588,tsungTopicz588
tsungsubz589,tsungTopicz589
tsungsubz590,tsungTopicz590
tsungsubz591,tsungTopicz591
tsungsubz592,tsungTopicz592
tsungsubz593,tsungTopicz593
tsungsubz594,tsungTopicz594
tsungsubz595,tsungTopicz595
tsungsubz596,tsungTopicz596
tsungsubz597,tsungTopicz597
tsungsubz598,tsungTopicz598
tsungsubz599,tsungTopicz599
tsungsubz600,tsungTopicz600
tsungsubz601,tsungTopicz601
tsungsubz602,tsungTopicz602
tsungsubz603,tsungTopicz603
tsungsubz604,tsungTopicz604
tsungsubz605,tsungTopicz605
tsungsubz606,tsungTopicz606
tsungsubz607,tsungTopicz607
tsungsubz608,tsungTopicz608
tsungsubz609,tsungTopicz609
tsungsubz610,tsungTopicz610
tsungsubz611,tsungTopicz611
tsungsubz612,tsungTopicz612
tsungsubz613,tsungTopicz613
tsungsubz614,tsungTopicz614
tsungsubz615,tsungTopicz615
tsungsubz616,tsungTopicz616
tsungsubz617,tsungTopicz617
tsungsubz618,tsungTopicz618
tsungsubz619,tsungTopicz619
tsungsubz620,tsungTopicz620
tsungsubz621,tsungTopicz621
tsungsubz622,tsungTopicz622
tsungsubz623,tsungTopicz623
tsungsubz624,tsungTopicz624
tsungsubz625,tsungTopicz625
tsungsubz626,tsungTopicz626
tsungsubz627,tsungTopicz627
tsungsubz628,tsungTopicz628
tsungsubz629,tsungTopicz629
tsungsubz630,tsungTopicz630
tsungsubz631,tsungTopicz631
tsungsubz632,tsungTopicz632
tsungsubz633,tsungTopicz633
tsungsubz634,tsungTopicz634
tsungsubz635,tsungTopicz635
tsungsubz636,tsungTopicz636
tsungsubz637,tsungTopicz637
tsungsubz638,tsungTopicz638
tsungsubz639,tsungTopicz639
tsungsubz640,tsungTopicz640
tsungsubz641,tsungTopicz641
tsungsubz642,tsungTopicz642
tsungsubz643,tsungTopicz643
tsungsubz644,tsungTopicz644
tsungsubz645,tsungTopicz645
tsungsubz646,tsungTopicz646
tsungsubz647,tsungTopicz647
tsungsubz648,tsungTopicz648
tsungsubz649,tsungTopicz649
tsungsubz650,tsungTopicz650
tsungsubz651,tsungTopicz651
tsungsubz652,tsungTopicz652
tsungsubz653,tsungTopicz653
tsungsubz654,tsungTopicz654
tsungsubz655,tsungTopicz655
tsungsubz656,tsungTopicz656
tsungsubz657,tsungTopicz657
tsungsubz658,tsungTopicz658
tsungsubz659,tsungTopicz659
tsungsubz660,tsungTopicz660
tsungsubz661,tsungTopicz661
tsungsubz662,tsungTopicz662
tsungsubz663,tsungTopicz663
tsungsubz664,tsungTopicz664
tsungsubz665,tsungTopicz665
tsungsubz666,tsungTopicz666
tsungsubz667,tsungTopicz667
tsungsubz668,tsungTopicz668
tsungsubz669,tsungTopicz669
tsungsubz670,tsungTopicz670
tsungsubz671,tsungTopicz671
tsungsubz672,tsungTopicz672
tsungsubz673,tsungTopicz673
tsungsubz674,tsungTopicz674
tsungsubz675,tsungTopicz675
tsungsubz676,tsungTopicz676
tsungsubz677,tsungTopicz677
tsungsubz678,tsungTopicz678
tsungsubz679,tsungTopicz679
tsungsubz680,tsungTopicz680
tsungsubz681,tsungTopicz681
tsungsubz682,tsungTopicz682
tsungsubz683,tsungTopicz683
tsungsubz684,tsungTopicz684
tsungsubz685,tsungTopicz685
tsungsubz686,tsungTopicz686
tsungsubz687,tsungTopicz687
tsungsubz688,tsungTopicz688
tsungsubz689,tsungTopicz689
tsungsubz690,tsungTopicz690
tsungsubz691,tsungTopicz691
tsungsubz692,tsungTopicz692
tsungsubz693,tsungTopicz693
tsungsubz694,tsungTopicz694
tsungsubz695,tsungTopicz695
tsungsubz696,tsungTopicz696
tsungsubz697,tsungTopicz697
tsungsubz698,tsungTopicz698
tsungsubz699,tsungTopicz699
tsungsubz700,tsungTopicz700
tsungsubz701,tsungTopicz701
tsungsubz702,tsungTopicz702
tsungsubz703,tsungTopicz703
tsungsubz704,tsungTopicz704
tsungsubz705,tsungTopicz705
tsungsubz706,tsungTopicz706
tsungsubz707,tsungTopicz707
tsungsubz708,tsungTopicz708
tsungsubz709,tsungTopicz709
tsungsubz710,tsungTopicz710
tsungsubz711,tsungTopicz711
tsungsubz712,tsungTopicz712
tsungsubz713,tsungTopicz713
tsungsubz714,tsungTopicz714
tsungsubz715,tsungTopicz715
tsungsubz716,tsungTopicz716
tsungsubz717,tsungTopicz717
tsungsubz718,tsungTopicz718
tsungsubz719,tsungTopicz719
tsungsubz720,tsungTopicz720
tsungsubz721,tsungTopicz721
tsungsubz722,tsungTopicz722
tsungsubz723,tsungTopicz723
tsungsubz724,tsungTopicz724
tsungsubz725,tsungTopicz725
tsungsubz726,tsungTopicz726
tsungsubz727,tsungTopicz727
tsungsubz728,tsungTopicz728
tsungsubz729,tsungTopicz729
tsungsubz730,tsungTopicz730
tsungsubz731,tsungTopicz731
tsungsubz732,tsungTopicz732
tsungsubz733,tsungTopicz733
tsungsubz734,tsungTopicz734
tsungsubz735,tsungTopicz735
tsungsubz736,tsungTopicz736
tsungsubz737,tsungTopicz737
tsungsubz738,tsungTopicz738
tsungsubz739,tsungTopicz739
tsungsubz740,tsungTopicz740
tsungsubz741,tsungTopicz741
tsungsubz742,tsungTopicz742
tsungsubz743,tsungTopicz743
tsungsubz744,tsungTopicz744
tsungsubz745,tsungTopicz745
tsungsubz746,tsungTopicz746
tsungsubz747,tsungTopicz747
tsungsubz748,tsungTopicz748
tsungsubz749,tsungTopicz749
tsungsubz750,tsungTopicz750
tsungsubz751,tsungTopicz751
tsungsubz752,tsungTopicz752
tsungsubz753,tsungTopicz753
tsungsubz754,tsungTopicz754
tsungsubz755,tsungTopicz755
tsungsubz756,tsungTopicz756
tsungsubz757,tsungTopicz757
tsungsubz758,tsungTopicz758
tsungsubz759,tsungTopicz759
tsungsubz760,tsungTopicz760
tsungsubz761,tsungTopicz761
tsungsubz762,tsungTopicz762
tsungsubz763,tsungTopicz763
tsungsubz764,tsungTopicz764
tsungsubz765,tsungTopicz765
tsungsubz766,tsungTopicz766
tsungsubz767,tsungTopicz767
tsungsubz768,tsungTopicz768
tsungsubz769,tsungTopicz769
tsungsubz770,tsungTopicz770
tsungsubz771,tsungTopicz771
tsungsubz772,tsungTopicz772
tsungsubz773,tsungTopicz773
tsungsubz774,tsungTopicz774
tsungsubz775,tsungTopicz775
tsungsubz776,tsungTopicz776
tsungsubz777,tsungTopicz777
tsungsubz778,tsungTopicz778
tsungsubz779,tsungTopicz779
tsungsubz780,tsungTopicz780
tsungsubz781,tsungTopicz781
tsungsubz782,tsungTopicz782
tsungsubz783,tsungTopicz783
tsungsubz784,tsungTopicz784
tsungsubz785,tsungTopicz785
tsungsubz786,tsungTopicz786
tsungsubz787,tsungTopicz787
tsungsubz788,tsungTopicz788
tsungsubz789,tsungTopicz789
tsungsubz790,tsungTopicz790
tsungsubz791,tsungTopicz791
tsungsubz792,tsungTopicz792
tsungsubz793,tsungTopicz793
tsungsubz794,tsungTopicz794
tsungsubz795,tsungTopicz795
tsungsubz796,tsungTopicz796
tsungsubz797,tsungTopicz797
tsungsubz798,tsungTopicz798
tsungsubz799,tsungTopicz799
tsungsubz800,tsungTopicz800
tsungsubz801,tsungTopicz801
tsungsubz802,tsungTopicz802
tsungsubz803,tsungTopicz803
tsungsubz804,tsungTopicz804
tsungsubz805,tsungTopicz805
tsungsubz806,tsungTopicz806
tsungsubz807,tsungTopicz807
tsungsubz808,tsungTopicz808
tsungsubz809,tsungTopicz809
tsungsubz810,tsungTopicz810
tsungsubz811,tsungTopicz811
tsungsubz812,tsungTopicz812
tsungsubz813,tsungTopicz813
tsungsubz814,tsungTopicz814
tsungsubz815,tsungTopicz815
tsungsubz816,tsungTopicz816
tsungsubz817,tsungTopicz817
tsungsubz818,tsungTopicz818
tsungsubz819,tsungTopicz819
tsungsubz820,tsungTopicz820
tsungsubz821,tsungTopicz821
tsungsubz822,tsungTopicz822
tsungsubz823,tsungTopicz823
tsungsubz824,tsungTopicz824
tsungsubz825,tsungTopicz825
tsungsubz826,tsungTopicz826
tsungsubz827,tsungTopicz827
tsungsubz828,tsungTopicz828
tsungsubz829,tsungTopicz829
tsungsubz830,tsungTopicz830
tsungsubz831,tsungTopicz831
tsungsubz832,tsungTopicz832
tsungsubz833,tsungTopicz833
tsungsubz834,tsungTopicz834
tsungsubz835,tsungTopicz835
tsungsubz836,tsungTopicz836
tsungsubz837,tsungTopicz837
tsungsubz838,tsungTopicz838
tsungsubz839,tsungTopicz839
tsungsubz840,tsungTopicz840
tsungsubz841,tsungTopicz841
tsungsubz842,tsungTopicz842
tsungsubz843,tsungTopicz843
tsungsubz844,tsungTopicz844
tsungsubz845,tsungTopicz845
tsungsubz846,tsungTopicz846
tsungsubz847,tsungTopicz847
tsungsubz848,tsungTopicz848
tsungsubz849,tsungTopicz849
tsungsubz850,tsungTopicz850
tsungsubz851,tsungTopicz851
tsungsubz852,tsungTopicz852
tsungsubz853,tsungTopicz853
tsungsubz854,tsungTopicz854
tsungsubz855,tsungTopicz855
tsungsubz856,tsungTopicz856
tsungsubz857,tsungTopicz857
tsungsubz858,tsungTopicz858
tsungsubz859,tsungTopicz859
tsungsubz860,tsungTopicz860
tsungsubz861,tsungTopicz861
tsungsubz862,tsungTopicz862
tsungsubz863,tsungTopicz863
tsungsubz864,tsungTopicz864
tsungsubz865,tsungTopicz865
tsungsubz866,tsungTopicz866
tsungsubz867,tsungTopicz867
tsungsubz868,tsungTopicz868
tsungsubz869,tsungTopicz869
tsungsubz870,tsungTopicz870
tsungsubz871,tsungTopicz871
tsungsubz872,tsungTopicz872
tsungsubz873,tsungTopicz873
tsungsubz874,tsungTopicz874
tsungsubz875,tsungTopicz875
tsungsubz876,tsungTopicz876
tsungsubz877,tsungTopicz877
tsungsubz878,tsungTopicz878
tsungsubz879,tsungTopicz879
tsungsubz880,tsungTopicz880
tsungsubz881,tsungTopicz881
tsungsubz882,tsungTopicz882
tsungsubz883,tsungTopicz883
tsungsubz884,tsungTopicz884
tsungsubz885,tsungTopicz885
tsungsubz886,tsungTopicz886
tsungsubz887,tsungTopicz887
tsungsubz888,tsungTopicz888
tsungsubz889,tsungTopicz889
tsungsubz890,tsungTopicz890
tsungsubz891,tsungTopicz891
tsungsubz892,tsungTopicz892
tsungsubz893,tsungTopicz893
tsungsubz894,tsungTopicz894
tsungsubz895,tsungTopicz895
tsungsubz896,tsungTopicz896
tsungsubz897,tsungTopicz897
tsungsubz898,tsungTopicz898
tsungsubz899,tsungTopicz899
tsungsubz900,tsungTopicz900
tsungsubz901,tsungTopicz901
tsungsubz902,tsungTopicz902
tsungsubz903,tsungTopicz903
tsungsubz904,tsungTopicz904
tsungsubz905,tsungTopicz905
tsungsubz906,tsungTopicz906
tsungsubz907,tsungTopicz907
tsungsubz908,tsungTopicz908
tsungsubz909,tsungTopicz909
tsungsubz910,tsungTopicz910
tsungsubz911,tsungTopicz911
tsungsubz912,tsungTopicz912
tsungsubz913,tsungTopicz913
tsungsubz914,tsungTopicz914
tsungsubz915,tsungTopicz915
tsungsubz916,tsungTopicz916
tsungsubz917,tsungTopicz917
tsungsubz918,tsungTopicz918
tsungsubz919,tsungTopicz919
tsungsubz920,tsungTopicz920
tsungsubz921,tsungTopicz921
tsungsubz922,tsungTopicz922
tsungsubz923,tsungTopicz923
tsungsubz924,tsungTopicz924
tsungsubz925,tsungTopicz925
tsungsubz926,tsungTopicz926
tsungsubz927,tsungTopicz927
tsungsubz928,tsungTopicz928
tsungsubz929,tsungTopicz929
tsungsubz930,tsungTopicz930
tsungsubz931,tsungTopicz931
tsungsubz932,tsungTopicz932
tsungsubz933,tsungTopicz933
tsungsubz934,tsungTopicz934
tsungsubz935,tsungTopicz935
tsungsubz936,tsungTopicz936
tsungsubz937,tsungTopicz937
tsungsubz938,tsungTopicz938
tsungsubz939,tsungTopicz939
tsungsubz940,tsungTopicz940
tsungsubz941,tsungTopicz941
tsungsubz942,tsungTopicz942
tsungsubz943,tsungTopicz943
tsungsubz944,tsungTopicz944
tsungsubz945,tsungTopicz945
tsungsubz946,tsungTopicz946
tsungsubz947,tsungTopicz947
tsungsubz948,tsungTopicz948
tsungsubz949,tsungTopicz949
tsungsubz950,tsungTopicz950
tsungsubz951,tsungTopicz951
tsungsubz952,tsungTopicz952
tsungsubz953,tsungTopicz953
tsungsubz954,tsungTopicz954
tsungsubz955,tsungTopicz955
tsungsubz956,tsungTopicz956
tsungsubz957,tsungTopicz957
tsungsubz958,tsungTopicz958
tsungsubz959,tsungTopicz959
tsungsubz960,tsungTopicz960
tsungsubz961,tsungTopicz961
tsungsubz962,tsungTopicz962
tsungsubz963,tsungTopicz963
tsungsubz964,tsungTopicz964
tsungsubz965,tsungTopicz965
tsungsubz966,tsungTopicz966
tsungsubz967,tsungTopicz967
tsungsubz968,tsungTopicz968
tsungsubz969,tsungTopicz969
tsungsubz970,tsungTopicz970
tsungsubz971,tsungTopicz971
tsungsubz972,tsungTopicz972
tsungsubz973,tsungTopicz973
tsungsubz974,tsungTopicz974
tsungsubz975,tsungTopicz975
tsungsubz976,tsungTopicz976
tsungsubz977,tsungTopicz977
tsungsubz978,tsungTopicz978
tsungsubz979,tsungTopicz979
tsungsubz980,tsungTopicz980
tsungsubz981,tsungTopicz981
tsungsubz982,tsungTopicz982
tsungsubz983,tsungTopicz983
tsungsubz984,tsungTopicz984
tsungsubz985,tsungTopicz985
tsungsubz986,tsungTopicz986
tsungsubz987,tsungTopicz987
tsungsubz988,tsungTopicz988
tsungsubz989,tsungTopicz989
tsungsubz990,tsungTopicz990
tsungsubz991,tsungTopicz991
tsungsubz992,tsungTopicz992
tsungsubz993,tsungTopicz993
tsungsubz994,tsungTopicz994
tsungsubz995,tsungTopicz995
tsungsubz996,tsungTopicz996
tsungsubz997,tsungTopicz997
tsungsubz998,tsungTopicz998
tsungsubz999,tsungTopicz999
