tsungSub4000,tsungTopic4000
tsungSub4001,tsungTopic4001
tsungSub4002,tsungTopic4002
tsungSub4003,tsungTopic4003
tsungSub4004,tsungTopic4004
tsungSub4005,tsungTopic4005
tsungSub4006,tsungTopic4006
tsungSub4007,tsungTopic4007
tsungSub4008,tsungTopic4008
tsungSub4009,tsungTopic4009
tsungSub4010,tsungTopic4010
tsungSub4011,tsungTopic4011
tsungSub4012,tsungTopic4012
tsungSub4013,tsungTopic4013
tsungSub4014,tsungTopic4014
tsungSub4015,tsungTopic4015
tsungSub4016,tsungTopic4016
tsungSub4017,tsungTopic4017
tsungSub4018,tsungTopic4018
tsungSub4019,tsungTopic4019
tsungSub4020,tsungTopic4020
tsungSub4021,tsungTopic4021
tsungSub4022,tsungTopic4022
tsungSub4023,tsungTopic4023
tsungSub4024,tsungTopic4024
tsungSub4025,tsungTopic4025
tsungSub4026,tsungTopic4026
tsungSub4027,tsungTopic4027
tsungSub4028,tsungTopic4028
tsungSub4029,tsungTopic4029
tsungSub4030,tsungTopic4030
tsungSub4031,tsungTopic4031
tsungSub4032,tsungTopic4032
tsungSub4033,tsungTopic4033
tsungSub4034,tsungTopic4034
tsungSub4035,tsungTopic4035
tsungSub4036,tsungTopic4036
tsungSub4037,tsungTopic4037
tsungSub4038,tsungTopic4038
tsungSub4039,tsungTopic4039
tsungSub4040,tsungTopic4040
tsungSub4041,tsungTopic4041
tsungSub4042,tsungTopic4042
tsungSub4043,tsungTopic4043
tsungSub4044,tsungTopic4044
tsungSub4045,tsungTopic4045
tsungSub4046,tsungTopic4046
tsungSub4047,tsungTopic4047
tsungSub4048,tsungTopic4048
tsungSub4049,tsungTopic4049
tsungSub4050,tsungTopic4050
tsungSub4051,tsungTopic4051
tsungSub4052,tsungTopic4052
tsungSub4053,tsungTopic4053
tsungSub4054,tsungTopic4054
tsungSub4055,tsungTopic4055
tsungSub4056,tsungTopic4056
tsungSub4057,tsungTopic4057
tsungSub4058,tsungTopic4058
tsungSub4059,tsungTopic4059
tsungSub4060,tsungTopic4060
tsungSub4061,tsungTopic4061
tsungSub4062,tsungTopic4062
tsungSub4063,tsungTopic4063
tsungSub4064,tsungTopic4064
tsungSub4065,tsungTopic4065
tsungSub4066,tsungTopic4066
tsungSub4067,tsungTopic4067
tsungSub4068,tsungTopic4068
tsungSub4069,tsungTopic4069
tsungSub4070,tsungTopic4070
tsungSub4071,tsungTopic4071
tsungSub4072,tsungTopic4072
tsungSub4073,tsungTopic4073
tsungSub4074,tsungTopic4074
tsungSub4075,tsungTopic4075
tsungSub4076,tsungTopic4076
tsungSub4077,tsungTopic4077
tsungSub4078,tsungTopic4078
tsungSub4079,tsungTopic4079
tsungSub4080,tsungTopic4080
tsungSub4081,tsungTopic4081
tsungSub4082,tsungTopic4082
tsungSub4083,tsungTopic4083
tsungSub4084,tsungTopic4084
tsungSub4085,tsungTopic4085
tsungSub4086,tsungTopic4086
tsungSub4087,tsungTopic4087
tsungSub4088,tsungTopic4088
tsungSub4089,tsungTopic4089
tsungSub4090,tsungTopic4090
tsungSub4091,tsungTopic4091
tsungSub4092,tsungTopic4092
tsungSub4093,tsungTopic4093
tsungSub4094,tsungTopic4094
tsungSub4095,tsungTopic4095
tsungSub4096,tsungTopic4096
tsungSub4097,tsungTopic4097
tsungSub4098,tsungTopic4098
tsungSub4099,tsungTopic4099
tsungSub4100,tsungTopic4100
tsungSub4101,tsungTopic4101
tsungSub4102,tsungTopic4102
tsungSub4103,tsungTopic4103
tsungSub4104,tsungTopic4104
tsungSub4105,tsungTopic4105
tsungSub4106,tsungTopic4106
tsungSub4107,tsungTopic4107
tsungSub4108,tsungTopic4108
tsungSub4109,tsungTopic4109
tsungSub4110,tsungTopic4110
tsungSub4111,tsungTopic4111
tsungSub4112,tsungTopic4112
tsungSub4113,tsungTopic4113
tsungSub4114,tsungTopic4114
tsungSub4115,tsungTopic4115
tsungSub4116,tsungTopic4116
tsungSub4117,tsungTopic4117
tsungSub4118,tsungTopic4118
tsungSub4119,tsungTopic4119
tsungSub4120,tsungTopic4120
tsungSub4121,tsungTopic4121
tsungSub4122,tsungTopic4122
tsungSub4123,tsungTopic4123
tsungSub4124,tsungTopic4124
tsungSub4125,tsungTopic4125
tsungSub4126,tsungTopic4126
tsungSub4127,tsungTopic4127
tsungSub4128,tsungTopic4128
tsungSub4129,tsungTopic4129
tsungSub4130,tsungTopic4130
tsungSub4131,tsungTopic4131
tsungSub4132,tsungTopic4132
tsungSub4133,tsungTopic4133
tsungSub4134,tsungTopic4134
tsungSub4135,tsungTopic4135
tsungSub4136,tsungTopic4136
tsungSub4137,tsungTopic4137
tsungSub4138,tsungTopic4138
tsungSub4139,tsungTopic4139
tsungSub4140,tsungTopic4140
tsungSub4141,tsungTopic4141
tsungSub4142,tsungTopic4142
tsungSub4143,tsungTopic4143
tsungSub4144,tsungTopic4144
tsungSub4145,tsungTopic4145
tsungSub4146,tsungTopic4146
tsungSub4147,tsungTopic4147
tsungSub4148,tsungTopic4148
tsungSub4149,tsungTopic4149
tsungSub4150,tsungTopic4150
tsungSub4151,tsungTopic4151
tsungSub4152,tsungTopic4152
tsungSub4153,tsungTopic4153
tsungSub4154,tsungTopic4154
tsungSub4155,tsungTopic4155
tsungSub4156,tsungTopic4156
tsungSub4157,tsungTopic4157
tsungSub4158,tsungTopic4158
tsungSub4159,tsungTopic4159
tsungSub4160,tsungTopic4160
tsungSub4161,tsungTopic4161
tsungSub4162,tsungTopic4162
tsungSub4163,tsungTopic4163
tsungSub4164,tsungTopic4164
tsungSub4165,tsungTopic4165
tsungSub4166,tsungTopic4166
tsungSub4167,tsungTopic4167
tsungSub4168,tsungTopic4168
tsungSub4169,tsungTopic4169
tsungSub4170,tsungTopic4170
tsungSub4171,tsungTopic4171
tsungSub4172,tsungTopic4172
tsungSub4173,tsungTopic4173
tsungSub4174,tsungTopic4174
tsungSub4175,tsungTopic4175
tsungSub4176,tsungTopic4176
tsungSub4177,tsungTopic4177
tsungSub4178,tsungTopic4178
tsungSub4179,tsungTopic4179
tsungSub4180,tsungTopic4180
tsungSub4181,tsungTopic4181
tsungSub4182,tsungTopic4182
tsungSub4183,tsungTopic4183
tsungSub4184,tsungTopic4184
tsungSub4185,tsungTopic4185
tsungSub4186,tsungTopic4186
tsungSub4187,tsungTopic4187
tsungSub4188,tsungTopic4188
tsungSub4189,tsungTopic4189
tsungSub4190,tsungTopic4190
tsungSub4191,tsungTopic4191
tsungSub4192,tsungTopic4192
tsungSub4193,tsungTopic4193
tsungSub4194,tsungTopic4194
tsungSub4195,tsungTopic4195
tsungSub4196,tsungTopic4196
tsungSub4197,tsungTopic4197
tsungSub4198,tsungTopic4198
tsungSub4199,tsungTopic4199
tsungSub4200,tsungTopic4200
tsungSub4201,tsungTopic4201
tsungSub4202,tsungTopic4202
tsungSub4203,tsungTopic4203
tsungSub4204,tsungTopic4204
tsungSub4205,tsungTopic4205
tsungSub4206,tsungTopic4206
tsungSub4207,tsungTopic4207
tsungSub4208,tsungTopic4208
tsungSub4209,tsungTopic4209
tsungSub4210,tsungTopic4210
tsungSub4211,tsungTopic4211
tsungSub4212,tsungTopic4212
tsungSub4213,tsungTopic4213
tsungSub4214,tsungTopic4214
tsungSub4215,tsungTopic4215
tsungSub4216,tsungTopic4216
tsungSub4217,tsungTopic4217
tsungSub4218,tsungTopic4218
tsungSub4219,tsungTopic4219
tsungSub4220,tsungTopic4220
tsungSub4221,tsungTopic4221
tsungSub4222,tsungTopic4222
tsungSub4223,tsungTopic4223
tsungSub4224,tsungTopic4224
tsungSub4225,tsungTopic4225
tsungSub4226,tsungTopic4226
tsungSub4227,tsungTopic4227
tsungSub4228,tsungTopic4228
tsungSub4229,tsungTopic4229
tsungSub4230,tsungTopic4230
tsungSub4231,tsungTopic4231
tsungSub4232,tsungTopic4232
tsungSub4233,tsungTopic4233
tsungSub4234,tsungTopic4234
tsungSub4235,tsungTopic4235
tsungSub4236,tsungTopic4236
tsungSub4237,tsungTopic4237
tsungSub4238,tsungTopic4238
tsungSub4239,tsungTopic4239
tsungSub4240,tsungTopic4240
tsungSub4241,tsungTopic4241
tsungSub4242,tsungTopic4242
tsungSub4243,tsungTopic4243
tsungSub4244,tsungTopic4244
tsungSub4245,tsungTopic4245
tsungSub4246,tsungTopic4246
tsungSub4247,tsungTopic4247
tsungSub4248,tsungTopic4248
tsungSub4249,tsungTopic4249
tsungSub4250,tsungTopic4250
tsungSub4251,tsungTopic4251
tsungSub4252,tsungTopic4252
tsungSub4253,tsungTopic4253
tsungSub4254,tsungTopic4254
tsungSub4255,tsungTopic4255
tsungSub4256,tsungTopic4256
tsungSub4257,tsungTopic4257
tsungSub4258,tsungTopic4258
tsungSub4259,tsungTopic4259
tsungSub4260,tsungTopic4260
tsungSub4261,tsungTopic4261
tsungSub4262,tsungTopic4262
tsungSub4263,tsungTopic4263
tsungSub4264,tsungTopic4264
tsungSub4265,tsungTopic4265
tsungSub4266,tsungTopic4266
tsungSub4267,tsungTopic4267
tsungSub4268,tsungTopic4268
tsungSub4269,tsungTopic4269
tsungSub4270,tsungTopic4270
tsungSub4271,tsungTopic4271
tsungSub4272,tsungTopic4272
tsungSub4273,tsungTopic4273
tsungSub4274,tsungTopic4274
tsungSub4275,tsungTopic4275
tsungSub4276,tsungTopic4276
tsungSub4277,tsungTopic4277
tsungSub4278,tsungTopic4278
tsungSub4279,tsungTopic4279
tsungSub4280,tsungTopic4280
tsungSub4281,tsungTopic4281
tsungSub4282,tsungTopic4282
tsungSub4283,tsungTopic4283
tsungSub4284,tsungTopic4284
tsungSub4285,tsungTopic4285
tsungSub4286,tsungTopic4286
tsungSub4287,tsungTopic4287
tsungSub4288,tsungTopic4288
tsungSub4289,tsungTopic4289
tsungSub4290,tsungTopic4290
tsungSub4291,tsungTopic4291
tsungSub4292,tsungTopic4292
tsungSub4293,tsungTopic4293
tsungSub4294,tsungTopic4294
tsungSub4295,tsungTopic4295
tsungSub4296,tsungTopic4296
tsungSub4297,tsungTopic4297
tsungSub4298,tsungTopic4298
tsungSub4299,tsungTopic4299
tsungSub4300,tsungTopic4300
tsungSub4301,tsungTopic4301
tsungSub4302,tsungTopic4302
tsungSub4303,tsungTopic4303
tsungSub4304,tsungTopic4304
tsungSub4305,tsungTopic4305
tsungSub4306,tsungTopic4306
tsungSub4307,tsungTopic4307
tsungSub4308,tsungTopic4308
tsungSub4309,tsungTopic4309
tsungSub4310,tsungTopic4310
tsungSub4311,tsungTopic4311
tsungSub4312,tsungTopic4312
tsungSub4313,tsungTopic4313
tsungSub4314,tsungTopic4314
tsungSub4315,tsungTopic4315
tsungSub4316,tsungTopic4316
tsungSub4317,tsungTopic4317
tsungSub4318,tsungTopic4318
tsungSub4319,tsungTopic4319
tsungSub4320,tsungTopic4320
tsungSub4321,tsungTopic4321
tsungSub4322,tsungTopic4322
tsungSub4323,tsungTopic4323
tsungSub4324,tsungTopic4324
tsungSub4325,tsungTopic4325
tsungSub4326,tsungTopic4326
tsungSub4327,tsungTopic4327
tsungSub4328,tsungTopic4328
tsungSub4329,tsungTopic4329
tsungSub4330,tsungTopic4330
tsungSub4331,tsungTopic4331
tsungSub4332,tsungTopic4332
tsungSub4333,tsungTopic4333
tsungSub4334,tsungTopic4334
tsungSub4335,tsungTopic4335
tsungSub4336,tsungTopic4336
tsungSub4337,tsungTopic4337
tsungSub4338,tsungTopic4338
tsungSub4339,tsungTopic4339
tsungSub4340,tsungTopic4340
tsungSub4341,tsungTopic4341
tsungSub4342,tsungTopic4342
tsungSub4343,tsungTopic4343
tsungSub4344,tsungTopic4344
tsungSub4345,tsungTopic4345
tsungSub4346,tsungTopic4346
tsungSub4347,tsungTopic4347
tsungSub4348,tsungTopic4348
tsungSub4349,tsungTopic4349
tsungSub4350,tsungTopic4350
tsungSub4351,tsungTopic4351
tsungSub4352,tsungTopic4352
tsungSub4353,tsungTopic4353
tsungSub4354,tsungTopic4354
tsungSub4355,tsungTopic4355
tsungSub4356,tsungTopic4356
tsungSub4357,tsungTopic4357
tsungSub4358,tsungTopic4358
tsungSub4359,tsungTopic4359
tsungSub4360,tsungTopic4360
tsungSub4361,tsungTopic4361
tsungSub4362,tsungTopic4362
tsungSub4363,tsungTopic4363
tsungSub4364,tsungTopic4364
tsungSub4365,tsungTopic4365
tsungSub4366,tsungTopic4366
tsungSub4367,tsungTopic4367
tsungSub4368,tsungTopic4368
tsungSub4369,tsungTopic4369
tsungSub4370,tsungTopic4370
tsungSub4371,tsungTopic4371
tsungSub4372,tsungTopic4372
tsungSub4373,tsungTopic4373
tsungSub4374,tsungTopic4374
tsungSub4375,tsungTopic4375
tsungSub4376,tsungTopic4376
tsungSub4377,tsungTopic4377
tsungSub4378,tsungTopic4378
tsungSub4379,tsungTopic4379
tsungSub4380,tsungTopic4380
tsungSub4381,tsungTopic4381
tsungSub4382,tsungTopic4382
tsungSub4383,tsungTopic4383
tsungSub4384,tsungTopic4384
tsungSub4385,tsungTopic4385
tsungSub4386,tsungTopic4386
tsungSub4387,tsungTopic4387
tsungSub4388,tsungTopic4388
tsungSub4389,tsungTopic4389
tsungSub4390,tsungTopic4390
tsungSub4391,tsungTopic4391
tsungSub4392,tsungTopic4392
tsungSub4393,tsungTopic4393
tsungSub4394,tsungTopic4394
tsungSub4395,tsungTopic4395
tsungSub4396,tsungTopic4396
tsungSub4397,tsungTopic4397
tsungSub4398,tsungTopic4398
tsungSub4399,tsungTopic4399
tsungSub4400,tsungTopic4400
tsungSub4401,tsungTopic4401
tsungSub4402,tsungTopic4402
tsungSub4403,tsungTopic4403
tsungSub4404,tsungTopic4404
tsungSub4405,tsungTopic4405
tsungSub4406,tsungTopic4406
tsungSub4407,tsungTopic4407
tsungSub4408,tsungTopic4408
tsungSub4409,tsungTopic4409
tsungSub4410,tsungTopic4410
tsungSub4411,tsungTopic4411
tsungSub4412,tsungTopic4412
tsungSub4413,tsungTopic4413
tsungSub4414,tsungTopic4414
tsungSub4415,tsungTopic4415
tsungSub4416,tsungTopic4416
tsungSub4417,tsungTopic4417
tsungSub4418,tsungTopic4418
tsungSub4419,tsungTopic4419
tsungSub4420,tsungTopic4420
tsungSub4421,tsungTopic4421
tsungSub4422,tsungTopic4422
tsungSub4423,tsungTopic4423
tsungSub4424,tsungTopic4424
tsungSub4425,tsungTopic4425
tsungSub4426,tsungTopic4426
tsungSub4427,tsungTopic4427
tsungSub4428,tsungTopic4428
tsungSub4429,tsungTopic4429
tsungSub4430,tsungTopic4430
tsungSub4431,tsungTopic4431
tsungSub4432,tsungTopic4432
tsungSub4433,tsungTopic4433
tsungSub4434,tsungTopic4434
tsungSub4435,tsungTopic4435
tsungSub4436,tsungTopic4436
tsungSub4437,tsungTopic4437
tsungSub4438,tsungTopic4438
tsungSub4439,tsungTopic4439
tsungSub4440,tsungTopic4440
tsungSub4441,tsungTopic4441
tsungSub4442,tsungTopic4442
tsungSub4443,tsungTopic4443
tsungSub4444,tsungTopic4444
tsungSub4445,tsungTopic4445
tsungSub4446,tsungTopic4446
tsungSub4447,tsungTopic4447
tsungSub4448,tsungTopic4448
tsungSub4449,tsungTopic4449
tsungSub4450,tsungTopic4450
tsungSub4451,tsungTopic4451
tsungSub4452,tsungTopic4452
tsungSub4453,tsungTopic4453
tsungSub4454,tsungTopic4454
tsungSub4455,tsungTopic4455
tsungSub4456,tsungTopic4456
tsungSub4457,tsungTopic4457
tsungSub4458,tsungTopic4458
tsungSub4459,tsungTopic4459
tsungSub4460,tsungTopic4460
tsungSub4461,tsungTopic4461
tsungSub4462,tsungTopic4462
tsungSub4463,tsungTopic4463
tsungSub4464,tsungTopic4464
tsungSub4465,tsungTopic4465
tsungSub4466,tsungTopic4466
tsungSub4467,tsungTopic4467
tsungSub4468,tsungTopic4468
tsungSub4469,tsungTopic4469
tsungSub4470,tsungTopic4470
tsungSub4471,tsungTopic4471
tsungSub4472,tsungTopic4472
tsungSub4473,tsungTopic4473
tsungSub4474,tsungTopic4474
tsungSub4475,tsungTopic4475
tsungSub4476,tsungTopic4476
tsungSub4477,tsungTopic4477
tsungSub4478,tsungTopic4478
tsungSub4479,tsungTopic4479
tsungSub4480,tsungTopic4480
tsungSub4481,tsungTopic4481
tsungSub4482,tsungTopic4482
tsungSub4483,tsungTopic4483
tsungSub4484,tsungTopic4484
tsungSub4485,tsungTopic4485
tsungSub4486,tsungTopic4486
tsungSub4487,tsungTopic4487
tsungSub4488,tsungTopic4488
tsungSub4489,tsungTopic4489
tsungSub4490,tsungTopic4490
tsungSub4491,tsungTopic4491
tsungSub4492,tsungTopic4492
tsungSub4493,tsungTopic4493
tsungSub4494,tsungTopic4494
tsungSub4495,tsungTopic4495
tsungSub4496,tsungTopic4496
tsungSub4497,tsungTopic4497
tsungSub4498,tsungTopic4498
tsungSub4499,tsungTopic4499
tsungSub4500,tsungTopic4500
tsungSub4501,tsungTopic4501
tsungSub4502,tsungTopic4502
tsungSub4503,tsungTopic4503
tsungSub4504,tsungTopic4504
tsungSub4505,tsungTopic4505
tsungSub4506,tsungTopic4506
tsungSub4507,tsungTopic4507
tsungSub4508,tsungTopic4508
tsungSub4509,tsungTopic4509
tsungSub4510,tsungTopic4510
tsungSub4511,tsungTopic4511
tsungSub4512,tsungTopic4512
tsungSub4513,tsungTopic4513
tsungSub4514,tsungTopic4514
tsungSub4515,tsungTopic4515
tsungSub4516,tsungTopic4516
tsungSub4517,tsungTopic4517
tsungSub4518,tsungTopic4518
tsungSub4519,tsungTopic4519
tsungSub4520,tsungTopic4520
tsungSub4521,tsungTopic4521
tsungSub4522,tsungTopic4522
tsungSub4523,tsungTopic4523
tsungSub4524,tsungTopic4524
tsungSub4525,tsungTopic4525
tsungSub4526,tsungTopic4526
tsungSub4527,tsungTopic4527
tsungSub4528,tsungTopic4528
tsungSub4529,tsungTopic4529
tsungSub4530,tsungTopic4530
tsungSub4531,tsungTopic4531
tsungSub4532,tsungTopic4532
tsungSub4533,tsungTopic4533
tsungSub4534,tsungTopic4534
tsungSub4535,tsungTopic4535
tsungSub4536,tsungTopic4536
tsungSub4537,tsungTopic4537
tsungSub4538,tsungTopic4538
tsungSub4539,tsungTopic4539
tsungSub4540,tsungTopic4540
tsungSub4541,tsungTopic4541
tsungSub4542,tsungTopic4542
tsungSub4543,tsungTopic4543
tsungSub4544,tsungTopic4544
tsungSub4545,tsungTopic4545
tsungSub4546,tsungTopic4546
tsungSub4547,tsungTopic4547
tsungSub4548,tsungTopic4548
tsungSub4549,tsungTopic4549
tsungSub4550,tsungTopic4550
tsungSub4551,tsungTopic4551
tsungSub4552,tsungTopic4552
tsungSub4553,tsungTopic4553
tsungSub4554,tsungTopic4554
tsungSub4555,tsungTopic4555
tsungSub4556,tsungTopic4556
tsungSub4557,tsungTopic4557
tsungSub4558,tsungTopic4558
tsungSub4559,tsungTopic4559
tsungSub4560,tsungTopic4560
tsungSub4561,tsungTopic4561
tsungSub4562,tsungTopic4562
tsungSub4563,tsungTopic4563
tsungSub4564,tsungTopic4564
tsungSub4565,tsungTopic4565
tsungSub4566,tsungTopic4566
tsungSub4567,tsungTopic4567
tsungSub4568,tsungTopic4568
tsungSub4569,tsungTopic4569
tsungSub4570,tsungTopic4570
tsungSub4571,tsungTopic4571
tsungSub4572,tsungTopic4572
tsungSub4573,tsungTopic4573
tsungSub4574,tsungTopic4574
tsungSub4575,tsungTopic4575
tsungSub4576,tsungTopic4576
tsungSub4577,tsungTopic4577
tsungSub4578,tsungTopic4578
tsungSub4579,tsungTopic4579
tsungSub4580,tsungTopic4580
tsungSub4581,tsungTopic4581
tsungSub4582,tsungTopic4582
tsungSub4583,tsungTopic4583
tsungSub4584,tsungTopic4584
tsungSub4585,tsungTopic4585
tsungSub4586,tsungTopic4586
tsungSub4587,tsungTopic4587
tsungSub4588,tsungTopic4588
tsungSub4589,tsungTopic4589
tsungSub4590,tsungTopic4590
tsungSub4591,tsungTopic4591
tsungSub4592,tsungTopic4592
tsungSub4593,tsungTopic4593
tsungSub4594,tsungTopic4594
tsungSub4595,tsungTopic4595
tsungSub4596,tsungTopic4596
tsungSub4597,tsungTopic4597
tsungSub4598,tsungTopic4598
tsungSub4599,tsungTopic4599
tsungSub4600,tsungTopic4600
tsungSub4601,tsungTopic4601
tsungSub4602,tsungTopic4602
tsungSub4603,tsungTopic4603
tsungSub4604,tsungTopic4604
tsungSub4605,tsungTopic4605
tsungSub4606,tsungTopic4606
tsungSub4607,tsungTopic4607
tsungSub4608,tsungTopic4608
tsungSub4609,tsungTopic4609
tsungSub4610,tsungTopic4610
tsungSub4611,tsungTopic4611
tsungSub4612,tsungTopic4612
tsungSub4613,tsungTopic4613
tsungSub4614,tsungTopic4614
tsungSub4615,tsungTopic4615
tsungSub4616,tsungTopic4616
tsungSub4617,tsungTopic4617
tsungSub4618,tsungTopic4618
tsungSub4619,tsungTopic4619
tsungSub4620,tsungTopic4620
tsungSub4621,tsungTopic4621
tsungSub4622,tsungTopic4622
tsungSub4623,tsungTopic4623
tsungSub4624,tsungTopic4624
tsungSub4625,tsungTopic4625
tsungSub4626,tsungTopic4626
tsungSub4627,tsungTopic4627
tsungSub4628,tsungTopic4628
tsungSub4629,tsungTopic4629
tsungSub4630,tsungTopic4630
tsungSub4631,tsungTopic4631
tsungSub4632,tsungTopic4632
tsungSub4633,tsungTopic4633
tsungSub4634,tsungTopic4634
tsungSub4635,tsungTopic4635
tsungSub4636,tsungTopic4636
tsungSub4637,tsungTopic4637
tsungSub4638,tsungTopic4638
tsungSub4639,tsungTopic4639
tsungSub4640,tsungTopic4640
tsungSub4641,tsungTopic4641
tsungSub4642,tsungTopic4642
tsungSub4643,tsungTopic4643
tsungSub4644,tsungTopic4644
tsungSub4645,tsungTopic4645
tsungSub4646,tsungTopic4646
tsungSub4647,tsungTopic4647
tsungSub4648,tsungTopic4648
tsungSub4649,tsungTopic4649
tsungSub4650,tsungTopic4650
tsungSub4651,tsungTopic4651
tsungSub4652,tsungTopic4652
tsungSub4653,tsungTopic4653
tsungSub4654,tsungTopic4654
tsungSub4655,tsungTopic4655
tsungSub4656,tsungTopic4656
tsungSub4657,tsungTopic4657
tsungSub4658,tsungTopic4658
tsungSub4659,tsungTopic4659
tsungSub4660,tsungTopic4660
tsungSub4661,tsungTopic4661
tsungSub4662,tsungTopic4662
tsungSub4663,tsungTopic4663
tsungSub4664,tsungTopic4664
tsungSub4665,tsungTopic4665
tsungSub4666,tsungTopic4666
tsungSub4667,tsungTopic4667
tsungSub4668,tsungTopic4668
tsungSub4669,tsungTopic4669
tsungSub4670,tsungTopic4670
tsungSub4671,tsungTopic4671
tsungSub4672,tsungTopic4672
tsungSub4673,tsungTopic4673
tsungSub4674,tsungTopic4674
tsungSub4675,tsungTopic4675
tsungSub4676,tsungTopic4676
tsungSub4677,tsungTopic4677
tsungSub4678,tsungTopic4678
tsungSub4679,tsungTopic4679
tsungSub4680,tsungTopic4680
tsungSub4681,tsungTopic4681
tsungSub4682,tsungTopic4682
tsungSub4683,tsungTopic4683
tsungSub4684,tsungTopic4684
tsungSub4685,tsungTopic4685
tsungSub4686,tsungTopic4686
tsungSub4687,tsungTopic4687
tsungSub4688,tsungTopic4688
tsungSub4689,tsungTopic4689
tsungSub4690,tsungTopic4690
tsungSub4691,tsungTopic4691
tsungSub4692,tsungTopic4692
tsungSub4693,tsungTopic4693
tsungSub4694,tsungTopic4694
tsungSub4695,tsungTopic4695
tsungSub4696,tsungTopic4696
tsungSub4697,tsungTopic4697
tsungSub4698,tsungTopic4698
tsungSub4699,tsungTopic4699
tsungSub4700,tsungTopic4700
tsungSub4701,tsungTopic4701
tsungSub4702,tsungTopic4702
tsungSub4703,tsungTopic4703
tsungSub4704,tsungTopic4704
tsungSub4705,tsungTopic4705
tsungSub4706,tsungTopic4706
tsungSub4707,tsungTopic4707
tsungSub4708,tsungTopic4708
tsungSub4709,tsungTopic4709
tsungSub4710,tsungTopic4710
tsungSub4711,tsungTopic4711
tsungSub4712,tsungTopic4712
tsungSub4713,tsungTopic4713
tsungSub4714,tsungTopic4714
tsungSub4715,tsungTopic4715
tsungSub4716,tsungTopic4716
tsungSub4717,tsungTopic4717
tsungSub4718,tsungTopic4718
tsungSub4719,tsungTopic4719
tsungSub4720,tsungTopic4720
tsungSub4721,tsungTopic4721
tsungSub4722,tsungTopic4722
tsungSub4723,tsungTopic4723
tsungSub4724,tsungTopic4724
tsungSub4725,tsungTopic4725
tsungSub4726,tsungTopic4726
tsungSub4727,tsungTopic4727
tsungSub4728,tsungTopic4728
tsungSub4729,tsungTopic4729
tsungSub4730,tsungTopic4730
tsungSub4731,tsungTopic4731
tsungSub4732,tsungTopic4732
tsungSub4733,tsungTopic4733
tsungSub4734,tsungTopic4734
tsungSub4735,tsungTopic4735
tsungSub4736,tsungTopic4736
tsungSub4737,tsungTopic4737
tsungSub4738,tsungTopic4738
tsungSub4739,tsungTopic4739
tsungSub4740,tsungTopic4740
tsungSub4741,tsungTopic4741
tsungSub4742,tsungTopic4742
tsungSub4743,tsungTopic4743
tsungSub4744,tsungTopic4744
tsungSub4745,tsungTopic4745
tsungSub4746,tsungTopic4746
tsungSub4747,tsungTopic4747
tsungSub4748,tsungTopic4748
tsungSub4749,tsungTopic4749
tsungSub4750,tsungTopic4750
tsungSub4751,tsungTopic4751
tsungSub4752,tsungTopic4752
tsungSub4753,tsungTopic4753
tsungSub4754,tsungTopic4754
tsungSub4755,tsungTopic4755
tsungSub4756,tsungTopic4756
tsungSub4757,tsungTopic4757
tsungSub4758,tsungTopic4758
tsungSub4759,tsungTopic4759
tsungSub4760,tsungTopic4760
tsungSub4761,tsungTopic4761
tsungSub4762,tsungTopic4762
tsungSub4763,tsungTopic4763
tsungSub4764,tsungTopic4764
tsungSub4765,tsungTopic4765
tsungSub4766,tsungTopic4766
tsungSub4767,tsungTopic4767
tsungSub4768,tsungTopic4768
tsungSub4769,tsungTopic4769
tsungSub4770,tsungTopic4770
tsungSub4771,tsungTopic4771
tsungSub4772,tsungTopic4772
tsungSub4773,tsungTopic4773
tsungSub4774,tsungTopic4774
tsungSub4775,tsungTopic4775
tsungSub4776,tsungTopic4776
tsungSub4777,tsungTopic4777
tsungSub4778,tsungTopic4778
tsungSub4779,tsungTopic4779
tsungSub4780,tsungTopic4780
tsungSub4781,tsungTopic4781
tsungSub4782,tsungTopic4782
tsungSub4783,tsungTopic4783
tsungSub4784,tsungTopic4784
tsungSub4785,tsungTopic4785
tsungSub4786,tsungTopic4786
tsungSub4787,tsungTopic4787
tsungSub4788,tsungTopic4788
tsungSub4789,tsungTopic4789
tsungSub4790,tsungTopic4790
tsungSub4791,tsungTopic4791
tsungSub4792,tsungTopic4792
tsungSub4793,tsungTopic4793
tsungSub4794,tsungTopic4794
tsungSub4795,tsungTopic4795
tsungSub4796,tsungTopic4796
tsungSub4797,tsungTopic4797
tsungSub4798,tsungTopic4798
tsungSub4799,tsungTopic4799
tsungSub4800,tsungTopic4800
tsungSub4801,tsungTopic4801
tsungSub4802,tsungTopic4802
tsungSub4803,tsungTopic4803
tsungSub4804,tsungTopic4804
tsungSub4805,tsungTopic4805
tsungSub4806,tsungTopic4806
tsungSub4807,tsungTopic4807
tsungSub4808,tsungTopic4808
tsungSub4809,tsungTopic4809
tsungSub4810,tsungTopic4810
tsungSub4811,tsungTopic4811
tsungSub4812,tsungTopic4812
tsungSub4813,tsungTopic4813
tsungSub4814,tsungTopic4814
tsungSub4815,tsungTopic4815
tsungSub4816,tsungTopic4816
tsungSub4817,tsungTopic4817
tsungSub4818,tsungTopic4818
tsungSub4819,tsungTopic4819
tsungSub4820,tsungTopic4820
tsungSub4821,tsungTopic4821
tsungSub4822,tsungTopic4822
tsungSub4823,tsungTopic4823
tsungSub4824,tsungTopic4824
tsungSub4825,tsungTopic4825
tsungSub4826,tsungTopic4826
tsungSub4827,tsungTopic4827
tsungSub4828,tsungTopic4828
tsungSub4829,tsungTopic4829
tsungSub4830,tsungTopic4830
tsungSub4831,tsungTopic4831
tsungSub4832,tsungTopic4832
tsungSub4833,tsungTopic4833
tsungSub4834,tsungTopic4834
tsungSub4835,tsungTopic4835
tsungSub4836,tsungTopic4836
tsungSub4837,tsungTopic4837
tsungSub4838,tsungTopic4838
tsungSub4839,tsungTopic4839
tsungSub4840,tsungTopic4840
tsungSub4841,tsungTopic4841
tsungSub4842,tsungTopic4842
tsungSub4843,tsungTopic4843
tsungSub4844,tsungTopic4844
tsungSub4845,tsungTopic4845
tsungSub4846,tsungTopic4846
tsungSub4847,tsungTopic4847
tsungSub4848,tsungTopic4848
tsungSub4849,tsungTopic4849
tsungSub4850,tsungTopic4850
tsungSub4851,tsungTopic4851
tsungSub4852,tsungTopic4852
tsungSub4853,tsungTopic4853
tsungSub4854,tsungTopic4854
tsungSub4855,tsungTopic4855
tsungSub4856,tsungTopic4856
tsungSub4857,tsungTopic4857
tsungSub4858,tsungTopic4858
tsungSub4859,tsungTopic4859
tsungSub4860,tsungTopic4860
tsungSub4861,tsungTopic4861
tsungSub4862,tsungTopic4862
tsungSub4863,tsungTopic4863
tsungSub4864,tsungTopic4864
tsungSub4865,tsungTopic4865
tsungSub4866,tsungTopic4866
tsungSub4867,tsungTopic4867
tsungSub4868,tsungTopic4868
tsungSub4869,tsungTopic4869
tsungSub4870,tsungTopic4870
tsungSub4871,tsungTopic4871
tsungSub4872,tsungTopic4872
tsungSub4873,tsungTopic4873
tsungSub4874,tsungTopic4874
tsungSub4875,tsungTopic4875
tsungSub4876,tsungTopic4876
tsungSub4877,tsungTopic4877
tsungSub4878,tsungTopic4878
tsungSub4879,tsungTopic4879
tsungSub4880,tsungTopic4880
tsungSub4881,tsungTopic4881
tsungSub4882,tsungTopic4882
tsungSub4883,tsungTopic4883
tsungSub4884,tsungTopic4884
tsungSub4885,tsungTopic4885
tsungSub4886,tsungTopic4886
tsungSub4887,tsungTopic4887
tsungSub4888,tsungTopic4888
tsungSub4889,tsungTopic4889
tsungSub4890,tsungTopic4890
tsungSub4891,tsungTopic4891
tsungSub4892,tsungTopic4892
tsungSub4893,tsungTopic4893
tsungSub4894,tsungTopic4894
tsungSub4895,tsungTopic4895
tsungSub4896,tsungTopic4896
tsungSub4897,tsungTopic4897
tsungSub4898,tsungTopic4898
tsungSub4899,tsungTopic4899
tsungSub4900,tsungTopic4900
tsungSub4901,tsungTopic4901
tsungSub4902,tsungTopic4902
tsungSub4903,tsungTopic4903
tsungSub4904,tsungTopic4904
tsungSub4905,tsungTopic4905
tsungSub4906,tsungTopic4906
tsungSub4907,tsungTopic4907
tsungSub4908,tsungTopic4908
tsungSub4909,tsungTopic4909
tsungSub4910,tsungTopic4910
tsungSub4911,tsungTopic4911
tsungSub4912,tsungTopic4912
tsungSub4913,tsungTopic4913
tsungSub4914,tsungTopic4914
tsungSub4915,tsungTopic4915
tsungSub4916,tsungTopic4916
tsungSub4917,tsungTopic4917
tsungSub4918,tsungTopic4918
tsungSub4919,tsungTopic4919
tsungSub4920,tsungTopic4920
tsungSub4921,tsungTopic4921
tsungSub4922,tsungTopic4922
tsungSub4923,tsungTopic4923
tsungSub4924,tsungTopic4924
tsungSub4925,tsungTopic4925
tsungSub4926,tsungTopic4926
tsungSub4927,tsungTopic4927
tsungSub4928,tsungTopic4928
tsungSub4929,tsungTopic4929
tsungSub4930,tsungTopic4930
tsungSub4931,tsungTopic4931
tsungSub4932,tsungTopic4932
tsungSub4933,tsungTopic4933
tsungSub4934,tsungTopic4934
tsungSub4935,tsungTopic4935
tsungSub4936,tsungTopic4936
tsungSub4937,tsungTopic4937
tsungSub4938,tsungTopic4938
tsungSub4939,tsungTopic4939
tsungSub4940,tsungTopic4940
tsungSub4941,tsungTopic4941
tsungSub4942,tsungTopic4942
tsungSub4943,tsungTopic4943
tsungSub4944,tsungTopic4944
tsungSub4945,tsungTopic4945
tsungSub4946,tsungTopic4946
tsungSub4947,tsungTopic4947
tsungSub4948,tsungTopic4948
tsungSub4949,tsungTopic4949
tsungSub4950,tsungTopic4950
tsungSub4951,tsungTopic4951
tsungSub4952,tsungTopic4952
tsungSub4953,tsungTopic4953
tsungSub4954,tsungTopic4954
tsungSub4955,tsungTopic4955
tsungSub4956,tsungTopic4956
tsungSub4957,tsungTopic4957
tsungSub4958,tsungTopic4958
tsungSub4959,tsungTopic4959
tsungSub4960,tsungTopic4960
tsungSub4961,tsungTopic4961
tsungSub4962,tsungTopic4962
tsungSub4963,tsungTopic4963
tsungSub4964,tsungTopic4964
tsungSub4965,tsungTopic4965
tsungSub4966,tsungTopic4966
tsungSub4967,tsungTopic4967
tsungSub4968,tsungTopic4968
tsungSub4969,tsungTopic4969
tsungSub4970,tsungTopic4970
tsungSub4971,tsungTopic4971
tsungSub4972,tsungTopic4972
tsungSub4973,tsungTopic4973
tsungSub4974,tsungTopic4974
tsungSub4975,tsungTopic4975
tsungSub4976,tsungTopic4976
tsungSub4977,tsungTopic4977
tsungSub4978,tsungTopic4978
tsungSub4979,tsungTopic4979
tsungSub4980,tsungTopic4980
tsungSub4981,tsungTopic4981
tsungSub4982,tsungTopic4982
tsungSub4983,tsungTopic4983
tsungSub4984,tsungTopic4984
tsungSub4985,tsungTopic4985
tsungSub4986,tsungTopic4986
tsungSub4987,tsungTopic4987
tsungSub4988,tsungTopic4988
tsungSub4989,tsungTopic4989
tsungSub4990,tsungTopic4990
tsungSub4991,tsungTopic4991
tsungSub4992,tsungTopic4992
tsungSub4993,tsungTopic4993
tsungSub4994,tsungTopic4994
tsungSub4995,tsungTopic4995
tsungSub4996,tsungTopic4996
tsungSub4997,tsungTopic4997
tsungSub4998,tsungTopic4998
tsungSub4999,tsungTopic4999
tsungSub5000,tsungTopic5000
