tsungPub4000,tsungTopic4000,kaka4000
tsungPub4001,tsungTopic4001,kaka4001
tsungPub4002,tsungTopic4002,kaka4002
tsungPub4003,tsungTopic4003,kaka4003
tsungPub4004,tsungTopic4004,kaka4004
tsungPub4005,tsungTopic4005,kaka4005
tsungPub4006,tsungTopic4006,kaka4006
tsungPub4007,tsungTopic4007,kaka4007
tsungPub4008,tsungTopic4008,kaka4008
tsungPub4009,tsungTopic4009,kaka4009
tsungPub4010,tsungTopic4010,kaka4010
tsungPub4011,tsungTopic4011,kaka4011
tsungPub4012,tsungTopic4012,kaka4012
tsungPub4013,tsungTopic4013,kaka4013
tsungPub4014,tsungTopic4014,kaka4014
tsungPub4015,tsungTopic4015,kaka4015
tsungPub4016,tsungTopic4016,kaka4016
tsungPub4017,tsungTopic4017,kaka4017
tsungPub4018,tsungTopic4018,kaka4018
tsungPub4019,tsungTopic4019,kaka4019
tsungPub4020,tsungTopic4020,kaka4020
tsungPub4021,tsungTopic4021,kaka4021
tsungPub4022,tsungTopic4022,kaka4022
tsungPub4023,tsungTopic4023,kaka4023
tsungPub4024,tsungTopic4024,kaka4024
tsungPub4025,tsungTopic4025,kaka4025
tsungPub4026,tsungTopic4026,kaka4026
tsungPub4027,tsungTopic4027,kaka4027
tsungPub4028,tsungTopic4028,kaka4028
tsungPub4029,tsungTopic4029,kaka4029
tsungPub4030,tsungTopic4030,kaka4030
tsungPub4031,tsungTopic4031,kaka4031
tsungPub4032,tsungTopic4032,kaka4032
tsungPub4033,tsungTopic4033,kaka4033
tsungPub4034,tsungTopic4034,kaka4034
tsungPub4035,tsungTopic4035,kaka4035
tsungPub4036,tsungTopic4036,kaka4036
tsungPub4037,tsungTopic4037,kaka4037
tsungPub4038,tsungTopic4038,kaka4038
tsungPub4039,tsungTopic4039,kaka4039
tsungPub4040,tsungTopic4040,kaka4040
tsungPub4041,tsungTopic4041,kaka4041
tsungPub4042,tsungTopic4042,kaka4042
tsungPub4043,tsungTopic4043,kaka4043
tsungPub4044,tsungTopic4044,kaka4044
tsungPub4045,tsungTopic4045,kaka4045
tsungPub4046,tsungTopic4046,kaka4046
tsungPub4047,tsungTopic4047,kaka4047
tsungPub4048,tsungTopic4048,kaka4048
tsungPub4049,tsungTopic4049,kaka4049
tsungPub4050,tsungTopic4050,kaka4050
tsungPub4051,tsungTopic4051,kaka4051
tsungPub4052,tsungTopic4052,kaka4052
tsungPub4053,tsungTopic4053,kaka4053
tsungPub4054,tsungTopic4054,kaka4054
tsungPub4055,tsungTopic4055,kaka4055
tsungPub4056,tsungTopic4056,kaka4056
tsungPub4057,tsungTopic4057,kaka4057
tsungPub4058,tsungTopic4058,kaka4058
tsungPub4059,tsungTopic4059,kaka4059
tsungPub4060,tsungTopic4060,kaka4060
tsungPub4061,tsungTopic4061,kaka4061
tsungPub4062,tsungTopic4062,kaka4062
tsungPub4063,tsungTopic4063,kaka4063
tsungPub4064,tsungTopic4064,kaka4064
tsungPub4065,tsungTopic4065,kaka4065
tsungPub4066,tsungTopic4066,kaka4066
tsungPub4067,tsungTopic4067,kaka4067
tsungPub4068,tsungTopic4068,kaka4068
tsungPub4069,tsungTopic4069,kaka4069
tsungPub4070,tsungTopic4070,kaka4070
tsungPub4071,tsungTopic4071,kaka4071
tsungPub4072,tsungTopic4072,kaka4072
tsungPub4073,tsungTopic4073,kaka4073
tsungPub4074,tsungTopic4074,kaka4074
tsungPub4075,tsungTopic4075,kaka4075
tsungPub4076,tsungTopic4076,kaka4076
tsungPub4077,tsungTopic4077,kaka4077
tsungPub4078,tsungTopic4078,kaka4078
tsungPub4079,tsungTopic4079,kaka4079
tsungPub4080,tsungTopic4080,kaka4080
tsungPub4081,tsungTopic4081,kaka4081
tsungPub4082,tsungTopic4082,kaka4082
tsungPub4083,tsungTopic4083,kaka4083
tsungPub4084,tsungTopic4084,kaka4084
tsungPub4085,tsungTopic4085,kaka4085
tsungPub4086,tsungTopic4086,kaka4086
tsungPub4087,tsungTopic4087,kaka4087
tsungPub4088,tsungTopic4088,kaka4088
tsungPub4089,tsungTopic4089,kaka4089
tsungPub4090,tsungTopic4090,kaka4090
tsungPub4091,tsungTopic4091,kaka4091
tsungPub4092,tsungTopic4092,kaka4092
tsungPub4093,tsungTopic4093,kaka4093
tsungPub4094,tsungTopic4094,kaka4094
tsungPub4095,tsungTopic4095,kaka4095
tsungPub4096,tsungTopic4096,kaka4096
tsungPub4097,tsungTopic4097,kaka4097
tsungPub4098,tsungTopic4098,kaka4098
tsungPub4099,tsungTopic4099,kaka4099
tsungPub4100,tsungTopic4100,kaka4100
tsungPub4101,tsungTopic4101,kaka4101
tsungPub4102,tsungTopic4102,kaka4102
tsungPub4103,tsungTopic4103,kaka4103
tsungPub4104,tsungTopic4104,kaka4104
tsungPub4105,tsungTopic4105,kaka4105
tsungPub4106,tsungTopic4106,kaka4106
tsungPub4107,tsungTopic4107,kaka4107
tsungPub4108,tsungTopic4108,kaka4108
tsungPub4109,tsungTopic4109,kaka4109
tsungPub4110,tsungTopic4110,kaka4110
tsungPub4111,tsungTopic4111,kaka4111
tsungPub4112,tsungTopic4112,kaka4112
tsungPub4113,tsungTopic4113,kaka4113
tsungPub4114,tsungTopic4114,kaka4114
tsungPub4115,tsungTopic4115,kaka4115
tsungPub4116,tsungTopic4116,kaka4116
tsungPub4117,tsungTopic4117,kaka4117
tsungPub4118,tsungTopic4118,kaka4118
tsungPub4119,tsungTopic4119,kaka4119
tsungPub4120,tsungTopic4120,kaka4120
tsungPub4121,tsungTopic4121,kaka4121
tsungPub4122,tsungTopic4122,kaka4122
tsungPub4123,tsungTopic4123,kaka4123
tsungPub4124,tsungTopic4124,kaka4124
tsungPub4125,tsungTopic4125,kaka4125
tsungPub4126,tsungTopic4126,kaka4126
tsungPub4127,tsungTopic4127,kaka4127
tsungPub4128,tsungTopic4128,kaka4128
tsungPub4129,tsungTopic4129,kaka4129
tsungPub4130,tsungTopic4130,kaka4130
tsungPub4131,tsungTopic4131,kaka4131
tsungPub4132,tsungTopic4132,kaka4132
tsungPub4133,tsungTopic4133,kaka4133
tsungPub4134,tsungTopic4134,kaka4134
tsungPub4135,tsungTopic4135,kaka4135
tsungPub4136,tsungTopic4136,kaka4136
tsungPub4137,tsungTopic4137,kaka4137
tsungPub4138,tsungTopic4138,kaka4138
tsungPub4139,tsungTopic4139,kaka4139
tsungPub4140,tsungTopic4140,kaka4140
tsungPub4141,tsungTopic4141,kaka4141
tsungPub4142,tsungTopic4142,kaka4142
tsungPub4143,tsungTopic4143,kaka4143
tsungPub4144,tsungTopic4144,kaka4144
tsungPub4145,tsungTopic4145,kaka4145
tsungPub4146,tsungTopic4146,kaka4146
tsungPub4147,tsungTopic4147,kaka4147
tsungPub4148,tsungTopic4148,kaka4148
tsungPub4149,tsungTopic4149,kaka4149
tsungPub4150,tsungTopic4150,kaka4150
tsungPub4151,tsungTopic4151,kaka4151
tsungPub4152,tsungTopic4152,kaka4152
tsungPub4153,tsungTopic4153,kaka4153
tsungPub4154,tsungTopic4154,kaka4154
tsungPub4155,tsungTopic4155,kaka4155
tsungPub4156,tsungTopic4156,kaka4156
tsungPub4157,tsungTopic4157,kaka4157
tsungPub4158,tsungTopic4158,kaka4158
tsungPub4159,tsungTopic4159,kaka4159
tsungPub4160,tsungTopic4160,kaka4160
tsungPub4161,tsungTopic4161,kaka4161
tsungPub4162,tsungTopic4162,kaka4162
tsungPub4163,tsungTopic4163,kaka4163
tsungPub4164,tsungTopic4164,kaka4164
tsungPub4165,tsungTopic4165,kaka4165
tsungPub4166,tsungTopic4166,kaka4166
tsungPub4167,tsungTopic4167,kaka4167
tsungPub4168,tsungTopic4168,kaka4168
tsungPub4169,tsungTopic4169,kaka4169
tsungPub4170,tsungTopic4170,kaka4170
tsungPub4171,tsungTopic4171,kaka4171
tsungPub4172,tsungTopic4172,kaka4172
tsungPub4173,tsungTopic4173,kaka4173
tsungPub4174,tsungTopic4174,kaka4174
tsungPub4175,tsungTopic4175,kaka4175
tsungPub4176,tsungTopic4176,kaka4176
tsungPub4177,tsungTopic4177,kaka4177
tsungPub4178,tsungTopic4178,kaka4178
tsungPub4179,tsungTopic4179,kaka4179
tsungPub4180,tsungTopic4180,kaka4180
tsungPub4181,tsungTopic4181,kaka4181
tsungPub4182,tsungTopic4182,kaka4182
tsungPub4183,tsungTopic4183,kaka4183
tsungPub4184,tsungTopic4184,kaka4184
tsungPub4185,tsungTopic4185,kaka4185
tsungPub4186,tsungTopic4186,kaka4186
tsungPub4187,tsungTopic4187,kaka4187
tsungPub4188,tsungTopic4188,kaka4188
tsungPub4189,tsungTopic4189,kaka4189
tsungPub4190,tsungTopic4190,kaka4190
tsungPub4191,tsungTopic4191,kaka4191
tsungPub4192,tsungTopic4192,kaka4192
tsungPub4193,tsungTopic4193,kaka4193
tsungPub4194,tsungTopic4194,kaka4194
tsungPub4195,tsungTopic4195,kaka4195
tsungPub4196,tsungTopic4196,kaka4196
tsungPub4197,tsungTopic4197,kaka4197
tsungPub4198,tsungTopic4198,kaka4198
tsungPub4199,tsungTopic4199,kaka4199
tsungPub4200,tsungTopic4200,kaka4200
tsungPub4201,tsungTopic4201,kaka4201
tsungPub4202,tsungTopic4202,kaka4202
tsungPub4203,tsungTopic4203,kaka4203
tsungPub4204,tsungTopic4204,kaka4204
tsungPub4205,tsungTopic4205,kaka4205
tsungPub4206,tsungTopic4206,kaka4206
tsungPub4207,tsungTopic4207,kaka4207
tsungPub4208,tsungTopic4208,kaka4208
tsungPub4209,tsungTopic4209,kaka4209
tsungPub4210,tsungTopic4210,kaka4210
tsungPub4211,tsungTopic4211,kaka4211
tsungPub4212,tsungTopic4212,kaka4212
tsungPub4213,tsungTopic4213,kaka4213
tsungPub4214,tsungTopic4214,kaka4214
tsungPub4215,tsungTopic4215,kaka4215
tsungPub4216,tsungTopic4216,kaka4216
tsungPub4217,tsungTopic4217,kaka4217
tsungPub4218,tsungTopic4218,kaka4218
tsungPub4219,tsungTopic4219,kaka4219
tsungPub4220,tsungTopic4220,kaka4220
tsungPub4221,tsungTopic4221,kaka4221
tsungPub4222,tsungTopic4222,kaka4222
tsungPub4223,tsungTopic4223,kaka4223
tsungPub4224,tsungTopic4224,kaka4224
tsungPub4225,tsungTopic4225,kaka4225
tsungPub4226,tsungTopic4226,kaka4226
tsungPub4227,tsungTopic4227,kaka4227
tsungPub4228,tsungTopic4228,kaka4228
tsungPub4229,tsungTopic4229,kaka4229
tsungPub4230,tsungTopic4230,kaka4230
tsungPub4231,tsungTopic4231,kaka4231
tsungPub4232,tsungTopic4232,kaka4232
tsungPub4233,tsungTopic4233,kaka4233
tsungPub4234,tsungTopic4234,kaka4234
tsungPub4235,tsungTopic4235,kaka4235
tsungPub4236,tsungTopic4236,kaka4236
tsungPub4237,tsungTopic4237,kaka4237
tsungPub4238,tsungTopic4238,kaka4238
tsungPub4239,tsungTopic4239,kaka4239
tsungPub4240,tsungTopic4240,kaka4240
tsungPub4241,tsungTopic4241,kaka4241
tsungPub4242,tsungTopic4242,kaka4242
tsungPub4243,tsungTopic4243,kaka4243
tsungPub4244,tsungTopic4244,kaka4244
tsungPub4245,tsungTopic4245,kaka4245
tsungPub4246,tsungTopic4246,kaka4246
tsungPub4247,tsungTopic4247,kaka4247
tsungPub4248,tsungTopic4248,kaka4248
tsungPub4249,tsungTopic4249,kaka4249
tsungPub4250,tsungTopic4250,kaka4250
tsungPub4251,tsungTopic4251,kaka4251
tsungPub4252,tsungTopic4252,kaka4252
tsungPub4253,tsungTopic4253,kaka4253
tsungPub4254,tsungTopic4254,kaka4254
tsungPub4255,tsungTopic4255,kaka4255
tsungPub4256,tsungTopic4256,kaka4256
tsungPub4257,tsungTopic4257,kaka4257
tsungPub4258,tsungTopic4258,kaka4258
tsungPub4259,tsungTopic4259,kaka4259
tsungPub4260,tsungTopic4260,kaka4260
tsungPub4261,tsungTopic4261,kaka4261
tsungPub4262,tsungTopic4262,kaka4262
tsungPub4263,tsungTopic4263,kaka4263
tsungPub4264,tsungTopic4264,kaka4264
tsungPub4265,tsungTopic4265,kaka4265
tsungPub4266,tsungTopic4266,kaka4266
tsungPub4267,tsungTopic4267,kaka4267
tsungPub4268,tsungTopic4268,kaka4268
tsungPub4269,tsungTopic4269,kaka4269
tsungPub4270,tsungTopic4270,kaka4270
tsungPub4271,tsungTopic4271,kaka4271
tsungPub4272,tsungTopic4272,kaka4272
tsungPub4273,tsungTopic4273,kaka4273
tsungPub4274,tsungTopic4274,kaka4274
tsungPub4275,tsungTopic4275,kaka4275
tsungPub4276,tsungTopic4276,kaka4276
tsungPub4277,tsungTopic4277,kaka4277
tsungPub4278,tsungTopic4278,kaka4278
tsungPub4279,tsungTopic4279,kaka4279
tsungPub4280,tsungTopic4280,kaka4280
tsungPub4281,tsungTopic4281,kaka4281
tsungPub4282,tsungTopic4282,kaka4282
tsungPub4283,tsungTopic4283,kaka4283
tsungPub4284,tsungTopic4284,kaka4284
tsungPub4285,tsungTopic4285,kaka4285
tsungPub4286,tsungTopic4286,kaka4286
tsungPub4287,tsungTopic4287,kaka4287
tsungPub4288,tsungTopic4288,kaka4288
tsungPub4289,tsungTopic4289,kaka4289
tsungPub4290,tsungTopic4290,kaka4290
tsungPub4291,tsungTopic4291,kaka4291
tsungPub4292,tsungTopic4292,kaka4292
tsungPub4293,tsungTopic4293,kaka4293
tsungPub4294,tsungTopic4294,kaka4294
tsungPub4295,tsungTopic4295,kaka4295
tsungPub4296,tsungTopic4296,kaka4296
tsungPub4297,tsungTopic4297,kaka4297
tsungPub4298,tsungTopic4298,kaka4298
tsungPub4299,tsungTopic4299,kaka4299
tsungPub4300,tsungTopic4300,kaka4300
tsungPub4301,tsungTopic4301,kaka4301
tsungPub4302,tsungTopic4302,kaka4302
tsungPub4303,tsungTopic4303,kaka4303
tsungPub4304,tsungTopic4304,kaka4304
tsungPub4305,tsungTopic4305,kaka4305
tsungPub4306,tsungTopic4306,kaka4306
tsungPub4307,tsungTopic4307,kaka4307
tsungPub4308,tsungTopic4308,kaka4308
tsungPub4309,tsungTopic4309,kaka4309
tsungPub4310,tsungTopic4310,kaka4310
tsungPub4311,tsungTopic4311,kaka4311
tsungPub4312,tsungTopic4312,kaka4312
tsungPub4313,tsungTopic4313,kaka4313
tsungPub4314,tsungTopic4314,kaka4314
tsungPub4315,tsungTopic4315,kaka4315
tsungPub4316,tsungTopic4316,kaka4316
tsungPub4317,tsungTopic4317,kaka4317
tsungPub4318,tsungTopic4318,kaka4318
tsungPub4319,tsungTopic4319,kaka4319
tsungPub4320,tsungTopic4320,kaka4320
tsungPub4321,tsungTopic4321,kaka4321
tsungPub4322,tsungTopic4322,kaka4322
tsungPub4323,tsungTopic4323,kaka4323
tsungPub4324,tsungTopic4324,kaka4324
tsungPub4325,tsungTopic4325,kaka4325
tsungPub4326,tsungTopic4326,kaka4326
tsungPub4327,tsungTopic4327,kaka4327
tsungPub4328,tsungTopic4328,kaka4328
tsungPub4329,tsungTopic4329,kaka4329
tsungPub4330,tsungTopic4330,kaka4330
tsungPub4331,tsungTopic4331,kaka4331
tsungPub4332,tsungTopic4332,kaka4332
tsungPub4333,tsungTopic4333,kaka4333
tsungPub4334,tsungTopic4334,kaka4334
tsungPub4335,tsungTopic4335,kaka4335
tsungPub4336,tsungTopic4336,kaka4336
tsungPub4337,tsungTopic4337,kaka4337
tsungPub4338,tsungTopic4338,kaka4338
tsungPub4339,tsungTopic4339,kaka4339
tsungPub4340,tsungTopic4340,kaka4340
tsungPub4341,tsungTopic4341,kaka4341
tsungPub4342,tsungTopic4342,kaka4342
tsungPub4343,tsungTopic4343,kaka4343
tsungPub4344,tsungTopic4344,kaka4344
tsungPub4345,tsungTopic4345,kaka4345
tsungPub4346,tsungTopic4346,kaka4346
tsungPub4347,tsungTopic4347,kaka4347
tsungPub4348,tsungTopic4348,kaka4348
tsungPub4349,tsungTopic4349,kaka4349
tsungPub4350,tsungTopic4350,kaka4350
tsungPub4351,tsungTopic4351,kaka4351
tsungPub4352,tsungTopic4352,kaka4352
tsungPub4353,tsungTopic4353,kaka4353
tsungPub4354,tsungTopic4354,kaka4354
tsungPub4355,tsungTopic4355,kaka4355
tsungPub4356,tsungTopic4356,kaka4356
tsungPub4357,tsungTopic4357,kaka4357
tsungPub4358,tsungTopic4358,kaka4358
tsungPub4359,tsungTopic4359,kaka4359
tsungPub4360,tsungTopic4360,kaka4360
tsungPub4361,tsungTopic4361,kaka4361
tsungPub4362,tsungTopic4362,kaka4362
tsungPub4363,tsungTopic4363,kaka4363
tsungPub4364,tsungTopic4364,kaka4364
tsungPub4365,tsungTopic4365,kaka4365
tsungPub4366,tsungTopic4366,kaka4366
tsungPub4367,tsungTopic4367,kaka4367
tsungPub4368,tsungTopic4368,kaka4368
tsungPub4369,tsungTopic4369,kaka4369
tsungPub4370,tsungTopic4370,kaka4370
tsungPub4371,tsungTopic4371,kaka4371
tsungPub4372,tsungTopic4372,kaka4372
tsungPub4373,tsungTopic4373,kaka4373
tsungPub4374,tsungTopic4374,kaka4374
tsungPub4375,tsungTopic4375,kaka4375
tsungPub4376,tsungTopic4376,kaka4376
tsungPub4377,tsungTopic4377,kaka4377
tsungPub4378,tsungTopic4378,kaka4378
tsungPub4379,tsungTopic4379,kaka4379
tsungPub4380,tsungTopic4380,kaka4380
tsungPub4381,tsungTopic4381,kaka4381
tsungPub4382,tsungTopic4382,kaka4382
tsungPub4383,tsungTopic4383,kaka4383
tsungPub4384,tsungTopic4384,kaka4384
tsungPub4385,tsungTopic4385,kaka4385
tsungPub4386,tsungTopic4386,kaka4386
tsungPub4387,tsungTopic4387,kaka4387
tsungPub4388,tsungTopic4388,kaka4388
tsungPub4389,tsungTopic4389,kaka4389
tsungPub4390,tsungTopic4390,kaka4390
tsungPub4391,tsungTopic4391,kaka4391
tsungPub4392,tsungTopic4392,kaka4392
tsungPub4393,tsungTopic4393,kaka4393
tsungPub4394,tsungTopic4394,kaka4394
tsungPub4395,tsungTopic4395,kaka4395
tsungPub4396,tsungTopic4396,kaka4396
tsungPub4397,tsungTopic4397,kaka4397
tsungPub4398,tsungTopic4398,kaka4398
tsungPub4399,tsungTopic4399,kaka4399
tsungPub4400,tsungTopic4400,kaka4400
tsungPub4401,tsungTopic4401,kaka4401
tsungPub4402,tsungTopic4402,kaka4402
tsungPub4403,tsungTopic4403,kaka4403
tsungPub4404,tsungTopic4404,kaka4404
tsungPub4405,tsungTopic4405,kaka4405
tsungPub4406,tsungTopic4406,kaka4406
tsungPub4407,tsungTopic4407,kaka4407
tsungPub4408,tsungTopic4408,kaka4408
tsungPub4409,tsungTopic4409,kaka4409
tsungPub4410,tsungTopic4410,kaka4410
tsungPub4411,tsungTopic4411,kaka4411
tsungPub4412,tsungTopic4412,kaka4412
tsungPub4413,tsungTopic4413,kaka4413
tsungPub4414,tsungTopic4414,kaka4414
tsungPub4415,tsungTopic4415,kaka4415
tsungPub4416,tsungTopic4416,kaka4416
tsungPub4417,tsungTopic4417,kaka4417
tsungPub4418,tsungTopic4418,kaka4418
tsungPub4419,tsungTopic4419,kaka4419
tsungPub4420,tsungTopic4420,kaka4420
tsungPub4421,tsungTopic4421,kaka4421
tsungPub4422,tsungTopic4422,kaka4422
tsungPub4423,tsungTopic4423,kaka4423
tsungPub4424,tsungTopic4424,kaka4424
tsungPub4425,tsungTopic4425,kaka4425
tsungPub4426,tsungTopic4426,kaka4426
tsungPub4427,tsungTopic4427,kaka4427
tsungPub4428,tsungTopic4428,kaka4428
tsungPub4429,tsungTopic4429,kaka4429
tsungPub4430,tsungTopic4430,kaka4430
tsungPub4431,tsungTopic4431,kaka4431
tsungPub4432,tsungTopic4432,kaka4432
tsungPub4433,tsungTopic4433,kaka4433
tsungPub4434,tsungTopic4434,kaka4434
tsungPub4435,tsungTopic4435,kaka4435
tsungPub4436,tsungTopic4436,kaka4436
tsungPub4437,tsungTopic4437,kaka4437
tsungPub4438,tsungTopic4438,kaka4438
tsungPub4439,tsungTopic4439,kaka4439
tsungPub4440,tsungTopic4440,kaka4440
tsungPub4441,tsungTopic4441,kaka4441
tsungPub4442,tsungTopic4442,kaka4442
tsungPub4443,tsungTopic4443,kaka4443
tsungPub4444,tsungTopic4444,kaka4444
tsungPub4445,tsungTopic4445,kaka4445
tsungPub4446,tsungTopic4446,kaka4446
tsungPub4447,tsungTopic4447,kaka4447
tsungPub4448,tsungTopic4448,kaka4448
tsungPub4449,tsungTopic4449,kaka4449
tsungPub4450,tsungTopic4450,kaka4450
tsungPub4451,tsungTopic4451,kaka4451
tsungPub4452,tsungTopic4452,kaka4452
tsungPub4453,tsungTopic4453,kaka4453
tsungPub4454,tsungTopic4454,kaka4454
tsungPub4455,tsungTopic4455,kaka4455
tsungPub4456,tsungTopic4456,kaka4456
tsungPub4457,tsungTopic4457,kaka4457
tsungPub4458,tsungTopic4458,kaka4458
tsungPub4459,tsungTopic4459,kaka4459
tsungPub4460,tsungTopic4460,kaka4460
tsungPub4461,tsungTopic4461,kaka4461
tsungPub4462,tsungTopic4462,kaka4462
tsungPub4463,tsungTopic4463,kaka4463
tsungPub4464,tsungTopic4464,kaka4464
tsungPub4465,tsungTopic4465,kaka4465
tsungPub4466,tsungTopic4466,kaka4466
tsungPub4467,tsungTopic4467,kaka4467
tsungPub4468,tsungTopic4468,kaka4468
tsungPub4469,tsungTopic4469,kaka4469
tsungPub4470,tsungTopic4470,kaka4470
tsungPub4471,tsungTopic4471,kaka4471
tsungPub4472,tsungTopic4472,kaka4472
tsungPub4473,tsungTopic4473,kaka4473
tsungPub4474,tsungTopic4474,kaka4474
tsungPub4475,tsungTopic4475,kaka4475
tsungPub4476,tsungTopic4476,kaka4476
tsungPub4477,tsungTopic4477,kaka4477
tsungPub4478,tsungTopic4478,kaka4478
tsungPub4479,tsungTopic4479,kaka4479
tsungPub4480,tsungTopic4480,kaka4480
tsungPub4481,tsungTopic4481,kaka4481
tsungPub4482,tsungTopic4482,kaka4482
tsungPub4483,tsungTopic4483,kaka4483
tsungPub4484,tsungTopic4484,kaka4484
tsungPub4485,tsungTopic4485,kaka4485
tsungPub4486,tsungTopic4486,kaka4486
tsungPub4487,tsungTopic4487,kaka4487
tsungPub4488,tsungTopic4488,kaka4488
tsungPub4489,tsungTopic4489,kaka4489
tsungPub4490,tsungTopic4490,kaka4490
tsungPub4491,tsungTopic4491,kaka4491
tsungPub4492,tsungTopic4492,kaka4492
tsungPub4493,tsungTopic4493,kaka4493
tsungPub4494,tsungTopic4494,kaka4494
tsungPub4495,tsungTopic4495,kaka4495
tsungPub4496,tsungTopic4496,kaka4496
tsungPub4497,tsungTopic4497,kaka4497
tsungPub4498,tsungTopic4498,kaka4498
tsungPub4499,tsungTopic4499,kaka4499
tsungPub4500,tsungTopic4500,kaka4500
tsungPub4501,tsungTopic4501,kaka4501
tsungPub4502,tsungTopic4502,kaka4502
tsungPub4503,tsungTopic4503,kaka4503
tsungPub4504,tsungTopic4504,kaka4504
tsungPub4505,tsungTopic4505,kaka4505
tsungPub4506,tsungTopic4506,kaka4506
tsungPub4507,tsungTopic4507,kaka4507
tsungPub4508,tsungTopic4508,kaka4508
tsungPub4509,tsungTopic4509,kaka4509
tsungPub4510,tsungTopic4510,kaka4510
tsungPub4511,tsungTopic4511,kaka4511
tsungPub4512,tsungTopic4512,kaka4512
tsungPub4513,tsungTopic4513,kaka4513
tsungPub4514,tsungTopic4514,kaka4514
tsungPub4515,tsungTopic4515,kaka4515
tsungPub4516,tsungTopic4516,kaka4516
tsungPub4517,tsungTopic4517,kaka4517
tsungPub4518,tsungTopic4518,kaka4518
tsungPub4519,tsungTopic4519,kaka4519
tsungPub4520,tsungTopic4520,kaka4520
tsungPub4521,tsungTopic4521,kaka4521
tsungPub4522,tsungTopic4522,kaka4522
tsungPub4523,tsungTopic4523,kaka4523
tsungPub4524,tsungTopic4524,kaka4524
tsungPub4525,tsungTopic4525,kaka4525
tsungPub4526,tsungTopic4526,kaka4526
tsungPub4527,tsungTopic4527,kaka4527
tsungPub4528,tsungTopic4528,kaka4528
tsungPub4529,tsungTopic4529,kaka4529
tsungPub4530,tsungTopic4530,kaka4530
tsungPub4531,tsungTopic4531,kaka4531
tsungPub4532,tsungTopic4532,kaka4532
tsungPub4533,tsungTopic4533,kaka4533
tsungPub4534,tsungTopic4534,kaka4534
tsungPub4535,tsungTopic4535,kaka4535
tsungPub4536,tsungTopic4536,kaka4536
tsungPub4537,tsungTopic4537,kaka4537
tsungPub4538,tsungTopic4538,kaka4538
tsungPub4539,tsungTopic4539,kaka4539
tsungPub4540,tsungTopic4540,kaka4540
tsungPub4541,tsungTopic4541,kaka4541
tsungPub4542,tsungTopic4542,kaka4542
tsungPub4543,tsungTopic4543,kaka4543
tsungPub4544,tsungTopic4544,kaka4544
tsungPub4545,tsungTopic4545,kaka4545
tsungPub4546,tsungTopic4546,kaka4546
tsungPub4547,tsungTopic4547,kaka4547
tsungPub4548,tsungTopic4548,kaka4548
tsungPub4549,tsungTopic4549,kaka4549
tsungPub4550,tsungTopic4550,kaka4550
tsungPub4551,tsungTopic4551,kaka4551
tsungPub4552,tsungTopic4552,kaka4552
tsungPub4553,tsungTopic4553,kaka4553
tsungPub4554,tsungTopic4554,kaka4554
tsungPub4555,tsungTopic4555,kaka4555
tsungPub4556,tsungTopic4556,kaka4556
tsungPub4557,tsungTopic4557,kaka4557
tsungPub4558,tsungTopic4558,kaka4558
tsungPub4559,tsungTopic4559,kaka4559
tsungPub4560,tsungTopic4560,kaka4560
tsungPub4561,tsungTopic4561,kaka4561
tsungPub4562,tsungTopic4562,kaka4562
tsungPub4563,tsungTopic4563,kaka4563
tsungPub4564,tsungTopic4564,kaka4564
tsungPub4565,tsungTopic4565,kaka4565
tsungPub4566,tsungTopic4566,kaka4566
tsungPub4567,tsungTopic4567,kaka4567
tsungPub4568,tsungTopic4568,kaka4568
tsungPub4569,tsungTopic4569,kaka4569
tsungPub4570,tsungTopic4570,kaka4570
tsungPub4571,tsungTopic4571,kaka4571
tsungPub4572,tsungTopic4572,kaka4572
tsungPub4573,tsungTopic4573,kaka4573
tsungPub4574,tsungTopic4574,kaka4574
tsungPub4575,tsungTopic4575,kaka4575
tsungPub4576,tsungTopic4576,kaka4576
tsungPub4577,tsungTopic4577,kaka4577
tsungPub4578,tsungTopic4578,kaka4578
tsungPub4579,tsungTopic4579,kaka4579
tsungPub4580,tsungTopic4580,kaka4580
tsungPub4581,tsungTopic4581,kaka4581
tsungPub4582,tsungTopic4582,kaka4582
tsungPub4583,tsungTopic4583,kaka4583
tsungPub4584,tsungTopic4584,kaka4584
tsungPub4585,tsungTopic4585,kaka4585
tsungPub4586,tsungTopic4586,kaka4586
tsungPub4587,tsungTopic4587,kaka4587
tsungPub4588,tsungTopic4588,kaka4588
tsungPub4589,tsungTopic4589,kaka4589
tsungPub4590,tsungTopic4590,kaka4590
tsungPub4591,tsungTopic4591,kaka4591
tsungPub4592,tsungTopic4592,kaka4592
tsungPub4593,tsungTopic4593,kaka4593
tsungPub4594,tsungTopic4594,kaka4594
tsungPub4595,tsungTopic4595,kaka4595
tsungPub4596,tsungTopic4596,kaka4596
tsungPub4597,tsungTopic4597,kaka4597
tsungPub4598,tsungTopic4598,kaka4598
tsungPub4599,tsungTopic4599,kaka4599
tsungPub4600,tsungTopic4600,kaka4600
tsungPub4601,tsungTopic4601,kaka4601
tsungPub4602,tsungTopic4602,kaka4602
tsungPub4603,tsungTopic4603,kaka4603
tsungPub4604,tsungTopic4604,kaka4604
tsungPub4605,tsungTopic4605,kaka4605
tsungPub4606,tsungTopic4606,kaka4606
tsungPub4607,tsungTopic4607,kaka4607
tsungPub4608,tsungTopic4608,kaka4608
tsungPub4609,tsungTopic4609,kaka4609
tsungPub4610,tsungTopic4610,kaka4610
tsungPub4611,tsungTopic4611,kaka4611
tsungPub4612,tsungTopic4612,kaka4612
tsungPub4613,tsungTopic4613,kaka4613
tsungPub4614,tsungTopic4614,kaka4614
tsungPub4615,tsungTopic4615,kaka4615
tsungPub4616,tsungTopic4616,kaka4616
tsungPub4617,tsungTopic4617,kaka4617
tsungPub4618,tsungTopic4618,kaka4618
tsungPub4619,tsungTopic4619,kaka4619
tsungPub4620,tsungTopic4620,kaka4620
tsungPub4621,tsungTopic4621,kaka4621
tsungPub4622,tsungTopic4622,kaka4622
tsungPub4623,tsungTopic4623,kaka4623
tsungPub4624,tsungTopic4624,kaka4624
tsungPub4625,tsungTopic4625,kaka4625
tsungPub4626,tsungTopic4626,kaka4626
tsungPub4627,tsungTopic4627,kaka4627
tsungPub4628,tsungTopic4628,kaka4628
tsungPub4629,tsungTopic4629,kaka4629
tsungPub4630,tsungTopic4630,kaka4630
tsungPub4631,tsungTopic4631,kaka4631
tsungPub4632,tsungTopic4632,kaka4632
tsungPub4633,tsungTopic4633,kaka4633
tsungPub4634,tsungTopic4634,kaka4634
tsungPub4635,tsungTopic4635,kaka4635
tsungPub4636,tsungTopic4636,kaka4636
tsungPub4637,tsungTopic4637,kaka4637
tsungPub4638,tsungTopic4638,kaka4638
tsungPub4639,tsungTopic4639,kaka4639
tsungPub4640,tsungTopic4640,kaka4640
tsungPub4641,tsungTopic4641,kaka4641
tsungPub4642,tsungTopic4642,kaka4642
tsungPub4643,tsungTopic4643,kaka4643
tsungPub4644,tsungTopic4644,kaka4644
tsungPub4645,tsungTopic4645,kaka4645
tsungPub4646,tsungTopic4646,kaka4646
tsungPub4647,tsungTopic4647,kaka4647
tsungPub4648,tsungTopic4648,kaka4648
tsungPub4649,tsungTopic4649,kaka4649
tsungPub4650,tsungTopic4650,kaka4650
tsungPub4651,tsungTopic4651,kaka4651
tsungPub4652,tsungTopic4652,kaka4652
tsungPub4653,tsungTopic4653,kaka4653
tsungPub4654,tsungTopic4654,kaka4654
tsungPub4655,tsungTopic4655,kaka4655
tsungPub4656,tsungTopic4656,kaka4656
tsungPub4657,tsungTopic4657,kaka4657
tsungPub4658,tsungTopic4658,kaka4658
tsungPub4659,tsungTopic4659,kaka4659
tsungPub4660,tsungTopic4660,kaka4660
tsungPub4661,tsungTopic4661,kaka4661
tsungPub4662,tsungTopic4662,kaka4662
tsungPub4663,tsungTopic4663,kaka4663
tsungPub4664,tsungTopic4664,kaka4664
tsungPub4665,tsungTopic4665,kaka4665
tsungPub4666,tsungTopic4666,kaka4666
tsungPub4667,tsungTopic4667,kaka4667
tsungPub4668,tsungTopic4668,kaka4668
tsungPub4669,tsungTopic4669,kaka4669
tsungPub4670,tsungTopic4670,kaka4670
tsungPub4671,tsungTopic4671,kaka4671
tsungPub4672,tsungTopic4672,kaka4672
tsungPub4673,tsungTopic4673,kaka4673
tsungPub4674,tsungTopic4674,kaka4674
tsungPub4675,tsungTopic4675,kaka4675
tsungPub4676,tsungTopic4676,kaka4676
tsungPub4677,tsungTopic4677,kaka4677
tsungPub4678,tsungTopic4678,kaka4678
tsungPub4679,tsungTopic4679,kaka4679
tsungPub4680,tsungTopic4680,kaka4680
tsungPub4681,tsungTopic4681,kaka4681
tsungPub4682,tsungTopic4682,kaka4682
tsungPub4683,tsungTopic4683,kaka4683
tsungPub4684,tsungTopic4684,kaka4684
tsungPub4685,tsungTopic4685,kaka4685
tsungPub4686,tsungTopic4686,kaka4686
tsungPub4687,tsungTopic4687,kaka4687
tsungPub4688,tsungTopic4688,kaka4688
tsungPub4689,tsungTopic4689,kaka4689
tsungPub4690,tsungTopic4690,kaka4690
tsungPub4691,tsungTopic4691,kaka4691
tsungPub4692,tsungTopic4692,kaka4692
tsungPub4693,tsungTopic4693,kaka4693
tsungPub4694,tsungTopic4694,kaka4694
tsungPub4695,tsungTopic4695,kaka4695
tsungPub4696,tsungTopic4696,kaka4696
tsungPub4697,tsungTopic4697,kaka4697
tsungPub4698,tsungTopic4698,kaka4698
tsungPub4699,tsungTopic4699,kaka4699
tsungPub4700,tsungTopic4700,kaka4700
tsungPub4701,tsungTopic4701,kaka4701
tsungPub4702,tsungTopic4702,kaka4702
tsungPub4703,tsungTopic4703,kaka4703
tsungPub4704,tsungTopic4704,kaka4704
tsungPub4705,tsungTopic4705,kaka4705
tsungPub4706,tsungTopic4706,kaka4706
tsungPub4707,tsungTopic4707,kaka4707
tsungPub4708,tsungTopic4708,kaka4708
tsungPub4709,tsungTopic4709,kaka4709
tsungPub4710,tsungTopic4710,kaka4710
tsungPub4711,tsungTopic4711,kaka4711
tsungPub4712,tsungTopic4712,kaka4712
tsungPub4713,tsungTopic4713,kaka4713
tsungPub4714,tsungTopic4714,kaka4714
tsungPub4715,tsungTopic4715,kaka4715
tsungPub4716,tsungTopic4716,kaka4716
tsungPub4717,tsungTopic4717,kaka4717
tsungPub4718,tsungTopic4718,kaka4718
tsungPub4719,tsungTopic4719,kaka4719
tsungPub4720,tsungTopic4720,kaka4720
tsungPub4721,tsungTopic4721,kaka4721
tsungPub4722,tsungTopic4722,kaka4722
tsungPub4723,tsungTopic4723,kaka4723
tsungPub4724,tsungTopic4724,kaka4724
tsungPub4725,tsungTopic4725,kaka4725
tsungPub4726,tsungTopic4726,kaka4726
tsungPub4727,tsungTopic4727,kaka4727
tsungPub4728,tsungTopic4728,kaka4728
tsungPub4729,tsungTopic4729,kaka4729
tsungPub4730,tsungTopic4730,kaka4730
tsungPub4731,tsungTopic4731,kaka4731
tsungPub4732,tsungTopic4732,kaka4732
tsungPub4733,tsungTopic4733,kaka4733
tsungPub4734,tsungTopic4734,kaka4734
tsungPub4735,tsungTopic4735,kaka4735
tsungPub4736,tsungTopic4736,kaka4736
tsungPub4737,tsungTopic4737,kaka4737
tsungPub4738,tsungTopic4738,kaka4738
tsungPub4739,tsungTopic4739,kaka4739
tsungPub4740,tsungTopic4740,kaka4740
tsungPub4741,tsungTopic4741,kaka4741
tsungPub4742,tsungTopic4742,kaka4742
tsungPub4743,tsungTopic4743,kaka4743
tsungPub4744,tsungTopic4744,kaka4744
tsungPub4745,tsungTopic4745,kaka4745
tsungPub4746,tsungTopic4746,kaka4746
tsungPub4747,tsungTopic4747,kaka4747
tsungPub4748,tsungTopic4748,kaka4748
tsungPub4749,tsungTopic4749,kaka4749
tsungPub4750,tsungTopic4750,kaka4750
tsungPub4751,tsungTopic4751,kaka4751
tsungPub4752,tsungTopic4752,kaka4752
tsungPub4753,tsungTopic4753,kaka4753
tsungPub4754,tsungTopic4754,kaka4754
tsungPub4755,tsungTopic4755,kaka4755
tsungPub4756,tsungTopic4756,kaka4756
tsungPub4757,tsungTopic4757,kaka4757
tsungPub4758,tsungTopic4758,kaka4758
tsungPub4759,tsungTopic4759,kaka4759
tsungPub4760,tsungTopic4760,kaka4760
tsungPub4761,tsungTopic4761,kaka4761
tsungPub4762,tsungTopic4762,kaka4762
tsungPub4763,tsungTopic4763,kaka4763
tsungPub4764,tsungTopic4764,kaka4764
tsungPub4765,tsungTopic4765,kaka4765
tsungPub4766,tsungTopic4766,kaka4766
tsungPub4767,tsungTopic4767,kaka4767
tsungPub4768,tsungTopic4768,kaka4768
tsungPub4769,tsungTopic4769,kaka4769
tsungPub4770,tsungTopic4770,kaka4770
tsungPub4771,tsungTopic4771,kaka4771
tsungPub4772,tsungTopic4772,kaka4772
tsungPub4773,tsungTopic4773,kaka4773
tsungPub4774,tsungTopic4774,kaka4774
tsungPub4775,tsungTopic4775,kaka4775
tsungPub4776,tsungTopic4776,kaka4776
tsungPub4777,tsungTopic4777,kaka4777
tsungPub4778,tsungTopic4778,kaka4778
tsungPub4779,tsungTopic4779,kaka4779
tsungPub4780,tsungTopic4780,kaka4780
tsungPub4781,tsungTopic4781,kaka4781
tsungPub4782,tsungTopic4782,kaka4782
tsungPub4783,tsungTopic4783,kaka4783
tsungPub4784,tsungTopic4784,kaka4784
tsungPub4785,tsungTopic4785,kaka4785
tsungPub4786,tsungTopic4786,kaka4786
tsungPub4787,tsungTopic4787,kaka4787
tsungPub4788,tsungTopic4788,kaka4788
tsungPub4789,tsungTopic4789,kaka4789
tsungPub4790,tsungTopic4790,kaka4790
tsungPub4791,tsungTopic4791,kaka4791
tsungPub4792,tsungTopic4792,kaka4792
tsungPub4793,tsungTopic4793,kaka4793
tsungPub4794,tsungTopic4794,kaka4794
tsungPub4795,tsungTopic4795,kaka4795
tsungPub4796,tsungTopic4796,kaka4796
tsungPub4797,tsungTopic4797,kaka4797
tsungPub4798,tsungTopic4798,kaka4798
tsungPub4799,tsungTopic4799,kaka4799
tsungPub4800,tsungTopic4800,kaka4800
tsungPub4801,tsungTopic4801,kaka4801
tsungPub4802,tsungTopic4802,kaka4802
tsungPub4803,tsungTopic4803,kaka4803
tsungPub4804,tsungTopic4804,kaka4804
tsungPub4805,tsungTopic4805,kaka4805
tsungPub4806,tsungTopic4806,kaka4806
tsungPub4807,tsungTopic4807,kaka4807
tsungPub4808,tsungTopic4808,kaka4808
tsungPub4809,tsungTopic4809,kaka4809
tsungPub4810,tsungTopic4810,kaka4810
tsungPub4811,tsungTopic4811,kaka4811
tsungPub4812,tsungTopic4812,kaka4812
tsungPub4813,tsungTopic4813,kaka4813
tsungPub4814,tsungTopic4814,kaka4814
tsungPub4815,tsungTopic4815,kaka4815
tsungPub4816,tsungTopic4816,kaka4816
tsungPub4817,tsungTopic4817,kaka4817
tsungPub4818,tsungTopic4818,kaka4818
tsungPub4819,tsungTopic4819,kaka4819
tsungPub4820,tsungTopic4820,kaka4820
tsungPub4821,tsungTopic4821,kaka4821
tsungPub4822,tsungTopic4822,kaka4822
tsungPub4823,tsungTopic4823,kaka4823
tsungPub4824,tsungTopic4824,kaka4824
tsungPub4825,tsungTopic4825,kaka4825
tsungPub4826,tsungTopic4826,kaka4826
tsungPub4827,tsungTopic4827,kaka4827
tsungPub4828,tsungTopic4828,kaka4828
tsungPub4829,tsungTopic4829,kaka4829
tsungPub4830,tsungTopic4830,kaka4830
tsungPub4831,tsungTopic4831,kaka4831
tsungPub4832,tsungTopic4832,kaka4832
tsungPub4833,tsungTopic4833,kaka4833
tsungPub4834,tsungTopic4834,kaka4834
tsungPub4835,tsungTopic4835,kaka4835
tsungPub4836,tsungTopic4836,kaka4836
tsungPub4837,tsungTopic4837,kaka4837
tsungPub4838,tsungTopic4838,kaka4838
tsungPub4839,tsungTopic4839,kaka4839
tsungPub4840,tsungTopic4840,kaka4840
tsungPub4841,tsungTopic4841,kaka4841
tsungPub4842,tsungTopic4842,kaka4842
tsungPub4843,tsungTopic4843,kaka4843
tsungPub4844,tsungTopic4844,kaka4844
tsungPub4845,tsungTopic4845,kaka4845
tsungPub4846,tsungTopic4846,kaka4846
tsungPub4847,tsungTopic4847,kaka4847
tsungPub4848,tsungTopic4848,kaka4848
tsungPub4849,tsungTopic4849,kaka4849
tsungPub4850,tsungTopic4850,kaka4850
tsungPub4851,tsungTopic4851,kaka4851
tsungPub4852,tsungTopic4852,kaka4852
tsungPub4853,tsungTopic4853,kaka4853
tsungPub4854,tsungTopic4854,kaka4854
tsungPub4855,tsungTopic4855,kaka4855
tsungPub4856,tsungTopic4856,kaka4856
tsungPub4857,tsungTopic4857,kaka4857
tsungPub4858,tsungTopic4858,kaka4858
tsungPub4859,tsungTopic4859,kaka4859
tsungPub4860,tsungTopic4860,kaka4860
tsungPub4861,tsungTopic4861,kaka4861
tsungPub4862,tsungTopic4862,kaka4862
tsungPub4863,tsungTopic4863,kaka4863
tsungPub4864,tsungTopic4864,kaka4864
tsungPub4865,tsungTopic4865,kaka4865
tsungPub4866,tsungTopic4866,kaka4866
tsungPub4867,tsungTopic4867,kaka4867
tsungPub4868,tsungTopic4868,kaka4868
tsungPub4869,tsungTopic4869,kaka4869
tsungPub4870,tsungTopic4870,kaka4870
tsungPub4871,tsungTopic4871,kaka4871
tsungPub4872,tsungTopic4872,kaka4872
tsungPub4873,tsungTopic4873,kaka4873
tsungPub4874,tsungTopic4874,kaka4874
tsungPub4875,tsungTopic4875,kaka4875
tsungPub4876,tsungTopic4876,kaka4876
tsungPub4877,tsungTopic4877,kaka4877
tsungPub4878,tsungTopic4878,kaka4878
tsungPub4879,tsungTopic4879,kaka4879
tsungPub4880,tsungTopic4880,kaka4880
tsungPub4881,tsungTopic4881,kaka4881
tsungPub4882,tsungTopic4882,kaka4882
tsungPub4883,tsungTopic4883,kaka4883
tsungPub4884,tsungTopic4884,kaka4884
tsungPub4885,tsungTopic4885,kaka4885
tsungPub4886,tsungTopic4886,kaka4886
tsungPub4887,tsungTopic4887,kaka4887
tsungPub4888,tsungTopic4888,kaka4888
tsungPub4889,tsungTopic4889,kaka4889
tsungPub4890,tsungTopic4890,kaka4890
tsungPub4891,tsungTopic4891,kaka4891
tsungPub4892,tsungTopic4892,kaka4892
tsungPub4893,tsungTopic4893,kaka4893
tsungPub4894,tsungTopic4894,kaka4894
tsungPub4895,tsungTopic4895,kaka4895
tsungPub4896,tsungTopic4896,kaka4896
tsungPub4897,tsungTopic4897,kaka4897
tsungPub4898,tsungTopic4898,kaka4898
tsungPub4899,tsungTopic4899,kaka4899
tsungPub4900,tsungTopic4900,kaka4900
tsungPub4901,tsungTopic4901,kaka4901
tsungPub4902,tsungTopic4902,kaka4902
tsungPub4903,tsungTopic4903,kaka4903
tsungPub4904,tsungTopic4904,kaka4904
tsungPub4905,tsungTopic4905,kaka4905
tsungPub4906,tsungTopic4906,kaka4906
tsungPub4907,tsungTopic4907,kaka4907
tsungPub4908,tsungTopic4908,kaka4908
tsungPub4909,tsungTopic4909,kaka4909
tsungPub4910,tsungTopic4910,kaka4910
tsungPub4911,tsungTopic4911,kaka4911
tsungPub4912,tsungTopic4912,kaka4912
tsungPub4913,tsungTopic4913,kaka4913
tsungPub4914,tsungTopic4914,kaka4914
tsungPub4915,tsungTopic4915,kaka4915
tsungPub4916,tsungTopic4916,kaka4916
tsungPub4917,tsungTopic4917,kaka4917
tsungPub4918,tsungTopic4918,kaka4918
tsungPub4919,tsungTopic4919,kaka4919
tsungPub4920,tsungTopic4920,kaka4920
tsungPub4921,tsungTopic4921,kaka4921
tsungPub4922,tsungTopic4922,kaka4922
tsungPub4923,tsungTopic4923,kaka4923
tsungPub4924,tsungTopic4924,kaka4924
tsungPub4925,tsungTopic4925,kaka4925
tsungPub4926,tsungTopic4926,kaka4926
tsungPub4927,tsungTopic4927,kaka4927
tsungPub4928,tsungTopic4928,kaka4928
tsungPub4929,tsungTopic4929,kaka4929
tsungPub4930,tsungTopic4930,kaka4930
tsungPub4931,tsungTopic4931,kaka4931
tsungPub4932,tsungTopic4932,kaka4932
tsungPub4933,tsungTopic4933,kaka4933
tsungPub4934,tsungTopic4934,kaka4934
tsungPub4935,tsungTopic4935,kaka4935
tsungPub4936,tsungTopic4936,kaka4936
tsungPub4937,tsungTopic4937,kaka4937
tsungPub4938,tsungTopic4938,kaka4938
tsungPub4939,tsungTopic4939,kaka4939
tsungPub4940,tsungTopic4940,kaka4940
tsungPub4941,tsungTopic4941,kaka4941
tsungPub4942,tsungTopic4942,kaka4942
tsungPub4943,tsungTopic4943,kaka4943
tsungPub4944,tsungTopic4944,kaka4944
tsungPub4945,tsungTopic4945,kaka4945
tsungPub4946,tsungTopic4946,kaka4946
tsungPub4947,tsungTopic4947,kaka4947
tsungPub4948,tsungTopic4948,kaka4948
tsungPub4949,tsungTopic4949,kaka4949
tsungPub4950,tsungTopic4950,kaka4950
tsungPub4951,tsungTopic4951,kaka4951
tsungPub4952,tsungTopic4952,kaka4952
tsungPub4953,tsungTopic4953,kaka4953
tsungPub4954,tsungTopic4954,kaka4954
tsungPub4955,tsungTopic4955,kaka4955
tsungPub4956,tsungTopic4956,kaka4956
tsungPub4957,tsungTopic4957,kaka4957
tsungPub4958,tsungTopic4958,kaka4958
tsungPub4959,tsungTopic4959,kaka4959
tsungPub4960,tsungTopic4960,kaka4960
tsungPub4961,tsungTopic4961,kaka4961
tsungPub4962,tsungTopic4962,kaka4962
tsungPub4963,tsungTopic4963,kaka4963
tsungPub4964,tsungTopic4964,kaka4964
tsungPub4965,tsungTopic4965,kaka4965
tsungPub4966,tsungTopic4966,kaka4966
tsungPub4967,tsungTopic4967,kaka4967
tsungPub4968,tsungTopic4968,kaka4968
tsungPub4969,tsungTopic4969,kaka4969
tsungPub4970,tsungTopic4970,kaka4970
tsungPub4971,tsungTopic4971,kaka4971
tsungPub4972,tsungTopic4972,kaka4972
tsungPub4973,tsungTopic4973,kaka4973
tsungPub4974,tsungTopic4974,kaka4974
tsungPub4975,tsungTopic4975,kaka4975
tsungPub4976,tsungTopic4976,kaka4976
tsungPub4977,tsungTopic4977,kaka4977
tsungPub4978,tsungTopic4978,kaka4978
tsungPub4979,tsungTopic4979,kaka4979
tsungPub4980,tsungTopic4980,kaka4980
tsungPub4981,tsungTopic4981,kaka4981
tsungPub4982,tsungTopic4982,kaka4982
tsungPub4983,tsungTopic4983,kaka4983
tsungPub4984,tsungTopic4984,kaka4984
tsungPub4985,tsungTopic4985,kaka4985
tsungPub4986,tsungTopic4986,kaka4986
tsungPub4987,tsungTopic4987,kaka4987
tsungPub4988,tsungTopic4988,kaka4988
tsungPub4989,tsungTopic4989,kaka4989
tsungPub4990,tsungTopic4990,kaka4990
tsungPub4991,tsungTopic4991,kaka4991
tsungPub4992,tsungTopic4992,kaka4992
tsungPub4993,tsungTopic4993,kaka4993
tsungPub4994,tsungTopic4994,kaka4994
tsungPub4995,tsungTopic4995,kaka4995
tsungPub4996,tsungTopic4996,kaka4996
tsungPub4997,tsungTopic4997,kaka4997
tsungPub4998,tsungTopic4998,kaka4998
tsungPub4999,tsungTopic4999,kaka4999
tsungPub5000,tsungTopic5000,kaka5000
tsungPub5001,tsungTopic5001,kaka5001
tsungPub5002,tsungTopic5002,kaka5002
tsungPub5003,tsungTopic5003,kaka5003
tsungPub5004,tsungTopic5004,kaka5004
tsungPub5005,tsungTopic5005,kaka5005
tsungPub5006,tsungTopic5006,kaka5006
tsungPub5007,tsungTopic5007,kaka5007
tsungPub5008,tsungTopic5008,kaka5008
tsungPub5009,tsungTopic5009,kaka5009
tsungPub5010,tsungTopic5010,kaka5010
tsungPub5011,tsungTopic5011,kaka5011
tsungPub5012,tsungTopic5012,kaka5012
tsungPub5013,tsungTopic5013,kaka5013
tsungPub5014,tsungTopic5014,kaka5014
tsungPub5015,tsungTopic5015,kaka5015
tsungPub5016,tsungTopic5016,kaka5016
tsungPub5017,tsungTopic5017,kaka5017
tsungPub5018,tsungTopic5018,kaka5018
tsungPub5019,tsungTopic5019,kaka5019
tsungPub5020,tsungTopic5020,kaka5020
tsungPub5021,tsungTopic5021,kaka5021
tsungPub5022,tsungTopic5022,kaka5022
tsungPub5023,tsungTopic5023,kaka5023
tsungPub5024,tsungTopic5024,kaka5024
tsungPub5025,tsungTopic5025,kaka5025
tsungPub5026,tsungTopic5026,kaka5026
tsungPub5027,tsungTopic5027,kaka5027
tsungPub5028,tsungTopic5028,kaka5028
tsungPub5029,tsungTopic5029,kaka5029
tsungPub5030,tsungTopic5030,kaka5030
tsungPub5031,tsungTopic5031,kaka5031
tsungPub5032,tsungTopic5032,kaka5032
tsungPub5033,tsungTopic5033,kaka5033
tsungPub5034,tsungTopic5034,kaka5034
tsungPub5035,tsungTopic5035,kaka5035
tsungPub5036,tsungTopic5036,kaka5036
tsungPub5037,tsungTopic5037,kaka5037
tsungPub5038,tsungTopic5038,kaka5038
tsungPub5039,tsungTopic5039,kaka5039
tsungPub5040,tsungTopic5040,kaka5040
tsungPub5041,tsungTopic5041,kaka5041
tsungPub5042,tsungTopic5042,kaka5042
tsungPub5043,tsungTopic5043,kaka5043
tsungPub5044,tsungTopic5044,kaka5044
tsungPub5045,tsungTopic5045,kaka5045
tsungPub5046,tsungTopic5046,kaka5046
tsungPub5047,tsungTopic5047,kaka5047
tsungPub5048,tsungTopic5048,kaka5048
tsungPub5049,tsungTopic5049,kaka5049
tsungPub5050,tsungTopic5050,kaka5050
tsungPub5051,tsungTopic5051,kaka5051
tsungPub5052,tsungTopic5052,kaka5052
tsungPub5053,tsungTopic5053,kaka5053
tsungPub5054,tsungTopic5054,kaka5054
tsungPub5055,tsungTopic5055,kaka5055
tsungPub5056,tsungTopic5056,kaka5056
tsungPub5057,tsungTopic5057,kaka5057
tsungPub5058,tsungTopic5058,kaka5058
tsungPub5059,tsungTopic5059,kaka5059
tsungPub5060,tsungTopic5060,kaka5060
tsungPub5061,tsungTopic5061,kaka5061
tsungPub5062,tsungTopic5062,kaka5062
tsungPub5063,tsungTopic5063,kaka5063
tsungPub5064,tsungTopic5064,kaka5064
tsungPub5065,tsungTopic5065,kaka5065
tsungPub5066,tsungTopic5066,kaka5066
tsungPub5067,tsungTopic5067,kaka5067
tsungPub5068,tsungTopic5068,kaka5068
tsungPub5069,tsungTopic5069,kaka5069
tsungPub5070,tsungTopic5070,kaka5070
tsungPub5071,tsungTopic5071,kaka5071
tsungPub5072,tsungTopic5072,kaka5072
tsungPub5073,tsungTopic5073,kaka5073
tsungPub5074,tsungTopic5074,kaka5074
tsungPub5075,tsungTopic5075,kaka5075
tsungPub5076,tsungTopic5076,kaka5076
tsungPub5077,tsungTopic5077,kaka5077
tsungPub5078,tsungTopic5078,kaka5078
tsungPub5079,tsungTopic5079,kaka5079
tsungPub5080,tsungTopic5080,kaka5080
tsungPub5081,tsungTopic5081,kaka5081
tsungPub5082,tsungTopic5082,kaka5082
tsungPub5083,tsungTopic5083,kaka5083
tsungPub5084,tsungTopic5084,kaka5084
tsungPub5085,tsungTopic5085,kaka5085
tsungPub5086,tsungTopic5086,kaka5086
tsungPub5087,tsungTopic5087,kaka5087
tsungPub5088,tsungTopic5088,kaka5088
tsungPub5089,tsungTopic5089,kaka5089
tsungPub5090,tsungTopic5090,kaka5090
tsungPub5091,tsungTopic5091,kaka5091
tsungPub5092,tsungTopic5092,kaka5092
tsungPub5093,tsungTopic5093,kaka5093
tsungPub5094,tsungTopic5094,kaka5094
tsungPub5095,tsungTopic5095,kaka5095
tsungPub5096,tsungTopic5096,kaka5096
tsungPub5097,tsungTopic5097,kaka5097
tsungPub5098,tsungTopic5098,kaka5098
tsungPub5099,tsungTopic5099,kaka5099
tsungPub5100,tsungTopic5100,kaka5100
tsungPub5101,tsungTopic5101,kaka5101
tsungPub5102,tsungTopic5102,kaka5102
tsungPub5103,tsungTopic5103,kaka5103
tsungPub5104,tsungTopic5104,kaka5104
tsungPub5105,tsungTopic5105,kaka5105
tsungPub5106,tsungTopic5106,kaka5106
tsungPub5107,tsungTopic5107,kaka5107
tsungPub5108,tsungTopic5108,kaka5108
tsungPub5109,tsungTopic5109,kaka5109
tsungPub5110,tsungTopic5110,kaka5110
tsungPub5111,tsungTopic5111,kaka5111
tsungPub5112,tsungTopic5112,kaka5112
tsungPub5113,tsungTopic5113,kaka5113
tsungPub5114,tsungTopic5114,kaka5114
tsungPub5115,tsungTopic5115,kaka5115
tsungPub5116,tsungTopic5116,kaka5116
tsungPub5117,tsungTopic5117,kaka5117
tsungPub5118,tsungTopic5118,kaka5118
tsungPub5119,tsungTopic5119,kaka5119
tsungPub5120,tsungTopic5120,kaka5120
tsungPub5121,tsungTopic5121,kaka5121
tsungPub5122,tsungTopic5122,kaka5122
tsungPub5123,tsungTopic5123,kaka5123
tsungPub5124,tsungTopic5124,kaka5124
tsungPub5125,tsungTopic5125,kaka5125
tsungPub5126,tsungTopic5126,kaka5126
tsungPub5127,tsungTopic5127,kaka5127
tsungPub5128,tsungTopic5128,kaka5128
tsungPub5129,tsungTopic5129,kaka5129
tsungPub5130,tsungTopic5130,kaka5130
tsungPub5131,tsungTopic5131,kaka5131
tsungPub5132,tsungTopic5132,kaka5132
tsungPub5133,tsungTopic5133,kaka5133
tsungPub5134,tsungTopic5134,kaka5134
tsungPub5135,tsungTopic5135,kaka5135
tsungPub5136,tsungTopic5136,kaka5136
tsungPub5137,tsungTopic5137,kaka5137
tsungPub5138,tsungTopic5138,kaka5138
tsungPub5139,tsungTopic5139,kaka5139
tsungPub5140,tsungTopic5140,kaka5140
tsungPub5141,tsungTopic5141,kaka5141
tsungPub5142,tsungTopic5142,kaka5142
tsungPub5143,tsungTopic5143,kaka5143
tsungPub5144,tsungTopic5144,kaka5144
tsungPub5145,tsungTopic5145,kaka5145
tsungPub5146,tsungTopic5146,kaka5146
tsungPub5147,tsungTopic5147,kaka5147
tsungPub5148,tsungTopic5148,kaka5148
tsungPub5149,tsungTopic5149,kaka5149
tsungPub5150,tsungTopic5150,kaka5150
tsungPub5151,tsungTopic5151,kaka5151
tsungPub5152,tsungTopic5152,kaka5152
tsungPub5153,tsungTopic5153,kaka5153
tsungPub5154,tsungTopic5154,kaka5154
tsungPub5155,tsungTopic5155,kaka5155
tsungPub5156,tsungTopic5156,kaka5156
tsungPub5157,tsungTopic5157,kaka5157
tsungPub5158,tsungTopic5158,kaka5158
tsungPub5159,tsungTopic5159,kaka5159
tsungPub5160,tsungTopic5160,kaka5160
tsungPub5161,tsungTopic5161,kaka5161
tsungPub5162,tsungTopic5162,kaka5162
tsungPub5163,tsungTopic5163,kaka5163
tsungPub5164,tsungTopic5164,kaka5164
tsungPub5165,tsungTopic5165,kaka5165
tsungPub5166,tsungTopic5166,kaka5166
tsungPub5167,tsungTopic5167,kaka5167
tsungPub5168,tsungTopic5168,kaka5168
tsungPub5169,tsungTopic5169,kaka5169
tsungPub5170,tsungTopic5170,kaka5170
tsungPub5171,tsungTopic5171,kaka5171
tsungPub5172,tsungTopic5172,kaka5172
tsungPub5173,tsungTopic5173,kaka5173
tsungPub5174,tsungTopic5174,kaka5174
tsungPub5175,tsungTopic5175,kaka5175
tsungPub5176,tsungTopic5176,kaka5176
tsungPub5177,tsungTopic5177,kaka5177
tsungPub5178,tsungTopic5178,kaka5178
tsungPub5179,tsungTopic5179,kaka5179
tsungPub5180,tsungTopic5180,kaka5180
tsungPub5181,tsungTopic5181,kaka5181
tsungPub5182,tsungTopic5182,kaka5182
tsungPub5183,tsungTopic5183,kaka5183
tsungPub5184,tsungTopic5184,kaka5184
tsungPub5185,tsungTopic5185,kaka5185
tsungPub5186,tsungTopic5186,kaka5186
tsungPub5187,tsungTopic5187,kaka5187
tsungPub5188,tsungTopic5188,kaka5188
tsungPub5189,tsungTopic5189,kaka5189
tsungPub5190,tsungTopic5190,kaka5190
tsungPub5191,tsungTopic5191,kaka5191
tsungPub5192,tsungTopic5192,kaka5192
tsungPub5193,tsungTopic5193,kaka5193
tsungPub5194,tsungTopic5194,kaka5194
tsungPub5195,tsungTopic5195,kaka5195
tsungPub5196,tsungTopic5196,kaka5196
tsungPub5197,tsungTopic5197,kaka5197
tsungPub5198,tsungTopic5198,kaka5198
tsungPub5199,tsungTopic5199,kaka5199
tsungPub5200,tsungTopic5200,kaka5200
tsungPub5201,tsungTopic5201,kaka5201
tsungPub5202,tsungTopic5202,kaka5202
tsungPub5203,tsungTopic5203,kaka5203
tsungPub5204,tsungTopic5204,kaka5204
tsungPub5205,tsungTopic5205,kaka5205
tsungPub5206,tsungTopic5206,kaka5206
tsungPub5207,tsungTopic5207,kaka5207
tsungPub5208,tsungTopic5208,kaka5208
tsungPub5209,tsungTopic5209,kaka5209
tsungPub5210,tsungTopic5210,kaka5210
tsungPub5211,tsungTopic5211,kaka5211
tsungPub5212,tsungTopic5212,kaka5212
tsungPub5213,tsungTopic5213,kaka5213
tsungPub5214,tsungTopic5214,kaka5214
tsungPub5215,tsungTopic5215,kaka5215
tsungPub5216,tsungTopic5216,kaka5216
tsungPub5217,tsungTopic5217,kaka5217
tsungPub5218,tsungTopic5218,kaka5218
tsungPub5219,tsungTopic5219,kaka5219
tsungPub5220,tsungTopic5220,kaka5220
tsungPub5221,tsungTopic5221,kaka5221
tsungPub5222,tsungTopic5222,kaka5222
tsungPub5223,tsungTopic5223,kaka5223
tsungPub5224,tsungTopic5224,kaka5224
tsungPub5225,tsungTopic5225,kaka5225
tsungPub5226,tsungTopic5226,kaka5226
tsungPub5227,tsungTopic5227,kaka5227
tsungPub5228,tsungTopic5228,kaka5228
tsungPub5229,tsungTopic5229,kaka5229
tsungPub5230,tsungTopic5230,kaka5230
tsungPub5231,tsungTopic5231,kaka5231
tsungPub5232,tsungTopic5232,kaka5232
tsungPub5233,tsungTopic5233,kaka5233
tsungPub5234,tsungTopic5234,kaka5234
tsungPub5235,tsungTopic5235,kaka5235
tsungPub5236,tsungTopic5236,kaka5236
tsungPub5237,tsungTopic5237,kaka5237
tsungPub5238,tsungTopic5238,kaka5238
tsungPub5239,tsungTopic5239,kaka5239
tsungPub5240,tsungTopic5240,kaka5240
tsungPub5241,tsungTopic5241,kaka5241
tsungPub5242,tsungTopic5242,kaka5242
tsungPub5243,tsungTopic5243,kaka5243
tsungPub5244,tsungTopic5244,kaka5244
tsungPub5245,tsungTopic5245,kaka5245
tsungPub5246,tsungTopic5246,kaka5246
tsungPub5247,tsungTopic5247,kaka5247
tsungPub5248,tsungTopic5248,kaka5248
tsungPub5249,tsungTopic5249,kaka5249
tsungPub5250,tsungTopic5250,kaka5250
tsungPub5251,tsungTopic5251,kaka5251
tsungPub5252,tsungTopic5252,kaka5252
tsungPub5253,tsungTopic5253,kaka5253
tsungPub5254,tsungTopic5254,kaka5254
tsungPub5255,tsungTopic5255,kaka5255
tsungPub5256,tsungTopic5256,kaka5256
tsungPub5257,tsungTopic5257,kaka5257
tsungPub5258,tsungTopic5258,kaka5258
tsungPub5259,tsungTopic5259,kaka5259
tsungPub5260,tsungTopic5260,kaka5260
tsungPub5261,tsungTopic5261,kaka5261
tsungPub5262,tsungTopic5262,kaka5262
tsungPub5263,tsungTopic5263,kaka5263
tsungPub5264,tsungTopic5264,kaka5264
tsungPub5265,tsungTopic5265,kaka5265
tsungPub5266,tsungTopic5266,kaka5266
tsungPub5267,tsungTopic5267,kaka5267
tsungPub5268,tsungTopic5268,kaka5268
tsungPub5269,tsungTopic5269,kaka5269
tsungPub5270,tsungTopic5270,kaka5270
tsungPub5271,tsungTopic5271,kaka5271
tsungPub5272,tsungTopic5272,kaka5272
tsungPub5273,tsungTopic5273,kaka5273
tsungPub5274,tsungTopic5274,kaka5274
tsungPub5275,tsungTopic5275,kaka5275
tsungPub5276,tsungTopic5276,kaka5276
tsungPub5277,tsungTopic5277,kaka5277
tsungPub5278,tsungTopic5278,kaka5278
tsungPub5279,tsungTopic5279,kaka5279
tsungPub5280,tsungTopic5280,kaka5280
tsungPub5281,tsungTopic5281,kaka5281
tsungPub5282,tsungTopic5282,kaka5282
tsungPub5283,tsungTopic5283,kaka5283
tsungPub5284,tsungTopic5284,kaka5284
tsungPub5285,tsungTopic5285,kaka5285
tsungPub5286,tsungTopic5286,kaka5286
tsungPub5287,tsungTopic5287,kaka5287
tsungPub5288,tsungTopic5288,kaka5288
tsungPub5289,tsungTopic5289,kaka5289
tsungPub5290,tsungTopic5290,kaka5290
tsungPub5291,tsungTopic5291,kaka5291
tsungPub5292,tsungTopic5292,kaka5292
tsungPub5293,tsungTopic5293,kaka5293
tsungPub5294,tsungTopic5294,kaka5294
tsungPub5295,tsungTopic5295,kaka5295
tsungPub5296,tsungTopic5296,kaka5296
tsungPub5297,tsungTopic5297,kaka5297
tsungPub5298,tsungTopic5298,kaka5298
tsungPub5299,tsungTopic5299,kaka5299
tsungPub5300,tsungTopic5300,kaka5300
tsungPub5301,tsungTopic5301,kaka5301
tsungPub5302,tsungTopic5302,kaka5302
tsungPub5303,tsungTopic5303,kaka5303
tsungPub5304,tsungTopic5304,kaka5304
tsungPub5305,tsungTopic5305,kaka5305
tsungPub5306,tsungTopic5306,kaka5306
tsungPub5307,tsungTopic5307,kaka5307
tsungPub5308,tsungTopic5308,kaka5308
tsungPub5309,tsungTopic5309,kaka5309
tsungPub5310,tsungTopic5310,kaka5310
tsungPub5311,tsungTopic5311,kaka5311
tsungPub5312,tsungTopic5312,kaka5312
tsungPub5313,tsungTopic5313,kaka5313
tsungPub5314,tsungTopic5314,kaka5314
tsungPub5315,tsungTopic5315,kaka5315
tsungPub5316,tsungTopic5316,kaka5316
tsungPub5317,tsungTopic5317,kaka5317
tsungPub5318,tsungTopic5318,kaka5318
tsungPub5319,tsungTopic5319,kaka5319
tsungPub5320,tsungTopic5320,kaka5320
tsungPub5321,tsungTopic5321,kaka5321
tsungPub5322,tsungTopic5322,kaka5322
tsungPub5323,tsungTopic5323,kaka5323
tsungPub5324,tsungTopic5324,kaka5324
tsungPub5325,tsungTopic5325,kaka5325
tsungPub5326,tsungTopic5326,kaka5326
tsungPub5327,tsungTopic5327,kaka5327
tsungPub5328,tsungTopic5328,kaka5328
tsungPub5329,tsungTopic5329,kaka5329
tsungPub5330,tsungTopic5330,kaka5330
tsungPub5331,tsungTopic5331,kaka5331
tsungPub5332,tsungTopic5332,kaka5332
tsungPub5333,tsungTopic5333,kaka5333
tsungPub5334,tsungTopic5334,kaka5334
tsungPub5335,tsungTopic5335,kaka5335
tsungPub5336,tsungTopic5336,kaka5336
tsungPub5337,tsungTopic5337,kaka5337
tsungPub5338,tsungTopic5338,kaka5338
tsungPub5339,tsungTopic5339,kaka5339
tsungPub5340,tsungTopic5340,kaka5340
tsungPub5341,tsungTopic5341,kaka5341
tsungPub5342,tsungTopic5342,kaka5342
tsungPub5343,tsungTopic5343,kaka5343
tsungPub5344,tsungTopic5344,kaka5344
tsungPub5345,tsungTopic5345,kaka5345
tsungPub5346,tsungTopic5346,kaka5346
tsungPub5347,tsungTopic5347,kaka5347
tsungPub5348,tsungTopic5348,kaka5348
tsungPub5349,tsungTopic5349,kaka5349
tsungPub5350,tsungTopic5350,kaka5350
tsungPub5351,tsungTopic5351,kaka5351
tsungPub5352,tsungTopic5352,kaka5352
tsungPub5353,tsungTopic5353,kaka5353
tsungPub5354,tsungTopic5354,kaka5354
tsungPub5355,tsungTopic5355,kaka5355
tsungPub5356,tsungTopic5356,kaka5356
tsungPub5357,tsungTopic5357,kaka5357
tsungPub5358,tsungTopic5358,kaka5358
tsungPub5359,tsungTopic5359,kaka5359
tsungPub5360,tsungTopic5360,kaka5360
tsungPub5361,tsungTopic5361,kaka5361
tsungPub5362,tsungTopic5362,kaka5362
tsungPub5363,tsungTopic5363,kaka5363
tsungPub5364,tsungTopic5364,kaka5364
tsungPub5365,tsungTopic5365,kaka5365
tsungPub5366,tsungTopic5366,kaka5366
tsungPub5367,tsungTopic5367,kaka5367
tsungPub5368,tsungTopic5368,kaka5368
tsungPub5369,tsungTopic5369,kaka5369
tsungPub5370,tsungTopic5370,kaka5370
tsungPub5371,tsungTopic5371,kaka5371
tsungPub5372,tsungTopic5372,kaka5372
tsungPub5373,tsungTopic5373,kaka5373
tsungPub5374,tsungTopic5374,kaka5374
tsungPub5375,tsungTopic5375,kaka5375
tsungPub5376,tsungTopic5376,kaka5376
tsungPub5377,tsungTopic5377,kaka5377
tsungPub5378,tsungTopic5378,kaka5378
tsungPub5379,tsungTopic5379,kaka5379
tsungPub5380,tsungTopic5380,kaka5380
tsungPub5381,tsungTopic5381,kaka5381
tsungPub5382,tsungTopic5382,kaka5382
tsungPub5383,tsungTopic5383,kaka5383
tsungPub5384,tsungTopic5384,kaka5384
tsungPub5385,tsungTopic5385,kaka5385
tsungPub5386,tsungTopic5386,kaka5386
tsungPub5387,tsungTopic5387,kaka5387
tsungPub5388,tsungTopic5388,kaka5388
tsungPub5389,tsungTopic5389,kaka5389
tsungPub5390,tsungTopic5390,kaka5390
tsungPub5391,tsungTopic5391,kaka5391
tsungPub5392,tsungTopic5392,kaka5392
tsungPub5393,tsungTopic5393,kaka5393
tsungPub5394,tsungTopic5394,kaka5394
tsungPub5395,tsungTopic5395,kaka5395
tsungPub5396,tsungTopic5396,kaka5396
tsungPub5397,tsungTopic5397,kaka5397
tsungPub5398,tsungTopic5398,kaka5398
tsungPub5399,tsungTopic5399,kaka5399
tsungPub5400,tsungTopic5400,kaka5400
tsungPub5401,tsungTopic5401,kaka5401
tsungPub5402,tsungTopic5402,kaka5402
tsungPub5403,tsungTopic5403,kaka5403
tsungPub5404,tsungTopic5404,kaka5404
tsungPub5405,tsungTopic5405,kaka5405
tsungPub5406,tsungTopic5406,kaka5406
tsungPub5407,tsungTopic5407,kaka5407
tsungPub5408,tsungTopic5408,kaka5408
tsungPub5409,tsungTopic5409,kaka5409
tsungPub5410,tsungTopic5410,kaka5410
tsungPub5411,tsungTopic5411,kaka5411
tsungPub5412,tsungTopic5412,kaka5412
tsungPub5413,tsungTopic5413,kaka5413
tsungPub5414,tsungTopic5414,kaka5414
tsungPub5415,tsungTopic5415,kaka5415
tsungPub5416,tsungTopic5416,kaka5416
tsungPub5417,tsungTopic5417,kaka5417
tsungPub5418,tsungTopic5418,kaka5418
tsungPub5419,tsungTopic5419,kaka5419
tsungPub5420,tsungTopic5420,kaka5420
tsungPub5421,tsungTopic5421,kaka5421
tsungPub5422,tsungTopic5422,kaka5422
tsungPub5423,tsungTopic5423,kaka5423
tsungPub5424,tsungTopic5424,kaka5424
tsungPub5425,tsungTopic5425,kaka5425
tsungPub5426,tsungTopic5426,kaka5426
tsungPub5427,tsungTopic5427,kaka5427
tsungPub5428,tsungTopic5428,kaka5428
tsungPub5429,tsungTopic5429,kaka5429
tsungPub5430,tsungTopic5430,kaka5430
tsungPub5431,tsungTopic5431,kaka5431
tsungPub5432,tsungTopic5432,kaka5432
tsungPub5433,tsungTopic5433,kaka5433
tsungPub5434,tsungTopic5434,kaka5434
tsungPub5435,tsungTopic5435,kaka5435
tsungPub5436,tsungTopic5436,kaka5436
tsungPub5437,tsungTopic5437,kaka5437
tsungPub5438,tsungTopic5438,kaka5438
tsungPub5439,tsungTopic5439,kaka5439
tsungPub5440,tsungTopic5440,kaka5440
tsungPub5441,tsungTopic5441,kaka5441
tsungPub5442,tsungTopic5442,kaka5442
tsungPub5443,tsungTopic5443,kaka5443
tsungPub5444,tsungTopic5444,kaka5444
tsungPub5445,tsungTopic5445,kaka5445
tsungPub5446,tsungTopic5446,kaka5446
tsungPub5447,tsungTopic5447,kaka5447
tsungPub5448,tsungTopic5448,kaka5448
tsungPub5449,tsungTopic5449,kaka5449
tsungPub5450,tsungTopic5450,kaka5450
tsungPub5451,tsungTopic5451,kaka5451
tsungPub5452,tsungTopic5452,kaka5452
tsungPub5453,tsungTopic5453,kaka5453
tsungPub5454,tsungTopic5454,kaka5454
tsungPub5455,tsungTopic5455,kaka5455
tsungPub5456,tsungTopic5456,kaka5456
tsungPub5457,tsungTopic5457,kaka5457
tsungPub5458,tsungTopic5458,kaka5458
tsungPub5459,tsungTopic5459,kaka5459
tsungPub5460,tsungTopic5460,kaka5460
tsungPub5461,tsungTopic5461,kaka5461
tsungPub5462,tsungTopic5462,kaka5462
tsungPub5463,tsungTopic5463,kaka5463
tsungPub5464,tsungTopic5464,kaka5464
tsungPub5465,tsungTopic5465,kaka5465
tsungPub5466,tsungTopic5466,kaka5466
tsungPub5467,tsungTopic5467,kaka5467
tsungPub5468,tsungTopic5468,kaka5468
tsungPub5469,tsungTopic5469,kaka5469
tsungPub5470,tsungTopic5470,kaka5470
tsungPub5471,tsungTopic5471,kaka5471
tsungPub5472,tsungTopic5472,kaka5472
tsungPub5473,tsungTopic5473,kaka5473
tsungPub5474,tsungTopic5474,kaka5474
tsungPub5475,tsungTopic5475,kaka5475
tsungPub5476,tsungTopic5476,kaka5476
tsungPub5477,tsungTopic5477,kaka5477
tsungPub5478,tsungTopic5478,kaka5478
tsungPub5479,tsungTopic5479,kaka5479
tsungPub5480,tsungTopic5480,kaka5480
tsungPub5481,tsungTopic5481,kaka5481
tsungPub5482,tsungTopic5482,kaka5482
tsungPub5483,tsungTopic5483,kaka5483
tsungPub5484,tsungTopic5484,kaka5484
tsungPub5485,tsungTopic5485,kaka5485
tsungPub5486,tsungTopic5486,kaka5486
tsungPub5487,tsungTopic5487,kaka5487
tsungPub5488,tsungTopic5488,kaka5488
tsungPub5489,tsungTopic5489,kaka5489
tsungPub5490,tsungTopic5490,kaka5490
tsungPub5491,tsungTopic5491,kaka5491
tsungPub5492,tsungTopic5492,kaka5492
tsungPub5493,tsungTopic5493,kaka5493
tsungPub5494,tsungTopic5494,kaka5494
tsungPub5495,tsungTopic5495,kaka5495
tsungPub5496,tsungTopic5496,kaka5496
tsungPub5497,tsungTopic5497,kaka5497
tsungPub5498,tsungTopic5498,kaka5498
tsungPub5499,tsungTopic5499,kaka5499
tsungPub5500,tsungTopic5500,kaka5500
tsungPub5501,tsungTopic5501,kaka5501
tsungPub5502,tsungTopic5502,kaka5502
tsungPub5503,tsungTopic5503,kaka5503
tsungPub5504,tsungTopic5504,kaka5504
tsungPub5505,tsungTopic5505,kaka5505
tsungPub5506,tsungTopic5506,kaka5506
tsungPub5507,tsungTopic5507,kaka5507
tsungPub5508,tsungTopic5508,kaka5508
tsungPub5509,tsungTopic5509,kaka5509
tsungPub5510,tsungTopic5510,kaka5510
tsungPub5511,tsungTopic5511,kaka5511
tsungPub5512,tsungTopic5512,kaka5512
tsungPub5513,tsungTopic5513,kaka5513
tsungPub5514,tsungTopic5514,kaka5514
tsungPub5515,tsungTopic5515,kaka5515
tsungPub5516,tsungTopic5516,kaka5516
tsungPub5517,tsungTopic5517,kaka5517
tsungPub5518,tsungTopic5518,kaka5518
tsungPub5519,tsungTopic5519,kaka5519
tsungPub5520,tsungTopic5520,kaka5520
tsungPub5521,tsungTopic5521,kaka5521
tsungPub5522,tsungTopic5522,kaka5522
tsungPub5523,tsungTopic5523,kaka5523
tsungPub5524,tsungTopic5524,kaka5524
tsungPub5525,tsungTopic5525,kaka5525
tsungPub5526,tsungTopic5526,kaka5526
tsungPub5527,tsungTopic5527,kaka5527
tsungPub5528,tsungTopic5528,kaka5528
tsungPub5529,tsungTopic5529,kaka5529
tsungPub5530,tsungTopic5530,kaka5530
tsungPub5531,tsungTopic5531,kaka5531
tsungPub5532,tsungTopic5532,kaka5532
tsungPub5533,tsungTopic5533,kaka5533
tsungPub5534,tsungTopic5534,kaka5534
tsungPub5535,tsungTopic5535,kaka5535
tsungPub5536,tsungTopic5536,kaka5536
tsungPub5537,tsungTopic5537,kaka5537
tsungPub5538,tsungTopic5538,kaka5538
tsungPub5539,tsungTopic5539,kaka5539
tsungPub5540,tsungTopic5540,kaka5540
tsungPub5541,tsungTopic5541,kaka5541
tsungPub5542,tsungTopic5542,kaka5542
tsungPub5543,tsungTopic5543,kaka5543
tsungPub5544,tsungTopic5544,kaka5544
tsungPub5545,tsungTopic5545,kaka5545
tsungPub5546,tsungTopic5546,kaka5546
tsungPub5547,tsungTopic5547,kaka5547
tsungPub5548,tsungTopic5548,kaka5548
tsungPub5549,tsungTopic5549,kaka5549
tsungPub5550,tsungTopic5550,kaka5550
tsungPub5551,tsungTopic5551,kaka5551
tsungPub5552,tsungTopic5552,kaka5552
tsungPub5553,tsungTopic5553,kaka5553
tsungPub5554,tsungTopic5554,kaka5554
tsungPub5555,tsungTopic5555,kaka5555
tsungPub5556,tsungTopic5556,kaka5556
tsungPub5557,tsungTopic5557,kaka5557
tsungPub5558,tsungTopic5558,kaka5558
tsungPub5559,tsungTopic5559,kaka5559
tsungPub5560,tsungTopic5560,kaka5560
tsungPub5561,tsungTopic5561,kaka5561
tsungPub5562,tsungTopic5562,kaka5562
tsungPub5563,tsungTopic5563,kaka5563
tsungPub5564,tsungTopic5564,kaka5564
tsungPub5565,tsungTopic5565,kaka5565
tsungPub5566,tsungTopic5566,kaka5566
tsungPub5567,tsungTopic5567,kaka5567
tsungPub5568,tsungTopic5568,kaka5568
tsungPub5569,tsungTopic5569,kaka5569
tsungPub5570,tsungTopic5570,kaka5570
tsungPub5571,tsungTopic5571,kaka5571
tsungPub5572,tsungTopic5572,kaka5572
tsungPub5573,tsungTopic5573,kaka5573
tsungPub5574,tsungTopic5574,kaka5574
tsungPub5575,tsungTopic5575,kaka5575
tsungPub5576,tsungTopic5576,kaka5576
tsungPub5577,tsungTopic5577,kaka5577
tsungPub5578,tsungTopic5578,kaka5578
tsungPub5579,tsungTopic5579,kaka5579
tsungPub5580,tsungTopic5580,kaka5580
tsungPub5581,tsungTopic5581,kaka5581
tsungPub5582,tsungTopic5582,kaka5582
tsungPub5583,tsungTopic5583,kaka5583
tsungPub5584,tsungTopic5584,kaka5584
tsungPub5585,tsungTopic5585,kaka5585
tsungPub5586,tsungTopic5586,kaka5586
tsungPub5587,tsungTopic5587,kaka5587
tsungPub5588,tsungTopic5588,kaka5588
tsungPub5589,tsungTopic5589,kaka5589
tsungPub5590,tsungTopic5590,kaka5590
tsungPub5591,tsungTopic5591,kaka5591
tsungPub5592,tsungTopic5592,kaka5592
tsungPub5593,tsungTopic5593,kaka5593
tsungPub5594,tsungTopic5594,kaka5594
tsungPub5595,tsungTopic5595,kaka5595
tsungPub5596,tsungTopic5596,kaka5596
tsungPub5597,tsungTopic5597,kaka5597
tsungPub5598,tsungTopic5598,kaka5598
tsungPub5599,tsungTopic5599,kaka5599
tsungPub5600,tsungTopic5600,kaka5600
tsungPub5601,tsungTopic5601,kaka5601
tsungPub5602,tsungTopic5602,kaka5602
tsungPub5603,tsungTopic5603,kaka5603
tsungPub5604,tsungTopic5604,kaka5604
tsungPub5605,tsungTopic5605,kaka5605
tsungPub5606,tsungTopic5606,kaka5606
tsungPub5607,tsungTopic5607,kaka5607
tsungPub5608,tsungTopic5608,kaka5608
tsungPub5609,tsungTopic5609,kaka5609
tsungPub5610,tsungTopic5610,kaka5610
tsungPub5611,tsungTopic5611,kaka5611
tsungPub5612,tsungTopic5612,kaka5612
tsungPub5613,tsungTopic5613,kaka5613
tsungPub5614,tsungTopic5614,kaka5614
tsungPub5615,tsungTopic5615,kaka5615
tsungPub5616,tsungTopic5616,kaka5616
tsungPub5617,tsungTopic5617,kaka5617
tsungPub5618,tsungTopic5618,kaka5618
tsungPub5619,tsungTopic5619,kaka5619
tsungPub5620,tsungTopic5620,kaka5620
tsungPub5621,tsungTopic5621,kaka5621
tsungPub5622,tsungTopic5622,kaka5622
tsungPub5623,tsungTopic5623,kaka5623
tsungPub5624,tsungTopic5624,kaka5624
tsungPub5625,tsungTopic5625,kaka5625
tsungPub5626,tsungTopic5626,kaka5626
tsungPub5627,tsungTopic5627,kaka5627
tsungPub5628,tsungTopic5628,kaka5628
tsungPub5629,tsungTopic5629,kaka5629
tsungPub5630,tsungTopic5630,kaka5630
tsungPub5631,tsungTopic5631,kaka5631
tsungPub5632,tsungTopic5632,kaka5632
tsungPub5633,tsungTopic5633,kaka5633
tsungPub5634,tsungTopic5634,kaka5634
tsungPub5635,tsungTopic5635,kaka5635
tsungPub5636,tsungTopic5636,kaka5636
tsungPub5637,tsungTopic5637,kaka5637
tsungPub5638,tsungTopic5638,kaka5638
tsungPub5639,tsungTopic5639,kaka5639
tsungPub5640,tsungTopic5640,kaka5640
tsungPub5641,tsungTopic5641,kaka5641
tsungPub5642,tsungTopic5642,kaka5642
tsungPub5643,tsungTopic5643,kaka5643
tsungPub5644,tsungTopic5644,kaka5644
tsungPub5645,tsungTopic5645,kaka5645
tsungPub5646,tsungTopic5646,kaka5646
tsungPub5647,tsungTopic5647,kaka5647
tsungPub5648,tsungTopic5648,kaka5648
tsungPub5649,tsungTopic5649,kaka5649
tsungPub5650,tsungTopic5650,kaka5650
tsungPub5651,tsungTopic5651,kaka5651
tsungPub5652,tsungTopic5652,kaka5652
tsungPub5653,tsungTopic5653,kaka5653
tsungPub5654,tsungTopic5654,kaka5654
tsungPub5655,tsungTopic5655,kaka5655
tsungPub5656,tsungTopic5656,kaka5656
tsungPub5657,tsungTopic5657,kaka5657
tsungPub5658,tsungTopic5658,kaka5658
tsungPub5659,tsungTopic5659,kaka5659
tsungPub5660,tsungTopic5660,kaka5660
tsungPub5661,tsungTopic5661,kaka5661
tsungPub5662,tsungTopic5662,kaka5662
tsungPub5663,tsungTopic5663,kaka5663
tsungPub5664,tsungTopic5664,kaka5664
tsungPub5665,tsungTopic5665,kaka5665
tsungPub5666,tsungTopic5666,kaka5666
tsungPub5667,tsungTopic5667,kaka5667
tsungPub5668,tsungTopic5668,kaka5668
tsungPub5669,tsungTopic5669,kaka5669
tsungPub5670,tsungTopic5670,kaka5670
tsungPub5671,tsungTopic5671,kaka5671
tsungPub5672,tsungTopic5672,kaka5672
tsungPub5673,tsungTopic5673,kaka5673
tsungPub5674,tsungTopic5674,kaka5674
tsungPub5675,tsungTopic5675,kaka5675
tsungPub5676,tsungTopic5676,kaka5676
tsungPub5677,tsungTopic5677,kaka5677
tsungPub5678,tsungTopic5678,kaka5678
tsungPub5679,tsungTopic5679,kaka5679
tsungPub5680,tsungTopic5680,kaka5680
tsungPub5681,tsungTopic5681,kaka5681
tsungPub5682,tsungTopic5682,kaka5682
tsungPub5683,tsungTopic5683,kaka5683
tsungPub5684,tsungTopic5684,kaka5684
tsungPub5685,tsungTopic5685,kaka5685
tsungPub5686,tsungTopic5686,kaka5686
tsungPub5687,tsungTopic5687,kaka5687
tsungPub5688,tsungTopic5688,kaka5688
tsungPub5689,tsungTopic5689,kaka5689
tsungPub5690,tsungTopic5690,kaka5690
tsungPub5691,tsungTopic5691,kaka5691
tsungPub5692,tsungTopic5692,kaka5692
tsungPub5693,tsungTopic5693,kaka5693
tsungPub5694,tsungTopic5694,kaka5694
tsungPub5695,tsungTopic5695,kaka5695
tsungPub5696,tsungTopic5696,kaka5696
tsungPub5697,tsungTopic5697,kaka5697
tsungPub5698,tsungTopic5698,kaka5698
tsungPub5699,tsungTopic5699,kaka5699
tsungPub5700,tsungTopic5700,kaka5700
tsungPub5701,tsungTopic5701,kaka5701
tsungPub5702,tsungTopic5702,kaka5702
tsungPub5703,tsungTopic5703,kaka5703
tsungPub5704,tsungTopic5704,kaka5704
tsungPub5705,tsungTopic5705,kaka5705
tsungPub5706,tsungTopic5706,kaka5706
tsungPub5707,tsungTopic5707,kaka5707
tsungPub5708,tsungTopic5708,kaka5708
tsungPub5709,tsungTopic5709,kaka5709
tsungPub5710,tsungTopic5710,kaka5710
tsungPub5711,tsungTopic5711,kaka5711
tsungPub5712,tsungTopic5712,kaka5712
tsungPub5713,tsungTopic5713,kaka5713
tsungPub5714,tsungTopic5714,kaka5714
tsungPub5715,tsungTopic5715,kaka5715
tsungPub5716,tsungTopic5716,kaka5716
tsungPub5717,tsungTopic5717,kaka5717
tsungPub5718,tsungTopic5718,kaka5718
tsungPub5719,tsungTopic5719,kaka5719
tsungPub5720,tsungTopic5720,kaka5720
tsungPub5721,tsungTopic5721,kaka5721
tsungPub5722,tsungTopic5722,kaka5722
tsungPub5723,tsungTopic5723,kaka5723
tsungPub5724,tsungTopic5724,kaka5724
tsungPub5725,tsungTopic5725,kaka5725
tsungPub5726,tsungTopic5726,kaka5726
tsungPub5727,tsungTopic5727,kaka5727
tsungPub5728,tsungTopic5728,kaka5728
tsungPub5729,tsungTopic5729,kaka5729
tsungPub5730,tsungTopic5730,kaka5730
tsungPub5731,tsungTopic5731,kaka5731
tsungPub5732,tsungTopic5732,kaka5732
tsungPub5733,tsungTopic5733,kaka5733
tsungPub5734,tsungTopic5734,kaka5734
tsungPub5735,tsungTopic5735,kaka5735
tsungPub5736,tsungTopic5736,kaka5736
tsungPub5737,tsungTopic5737,kaka5737
tsungPub5738,tsungTopic5738,kaka5738
tsungPub5739,tsungTopic5739,kaka5739
tsungPub5740,tsungTopic5740,kaka5740
tsungPub5741,tsungTopic5741,kaka5741
tsungPub5742,tsungTopic5742,kaka5742
tsungPub5743,tsungTopic5743,kaka5743
tsungPub5744,tsungTopic5744,kaka5744
tsungPub5745,tsungTopic5745,kaka5745
tsungPub5746,tsungTopic5746,kaka5746
tsungPub5747,tsungTopic5747,kaka5747
tsungPub5748,tsungTopic5748,kaka5748
tsungPub5749,tsungTopic5749,kaka5749
tsungPub5750,tsungTopic5750,kaka5750
tsungPub5751,tsungTopic5751,kaka5751
tsungPub5752,tsungTopic5752,kaka5752
tsungPub5753,tsungTopic5753,kaka5753
tsungPub5754,tsungTopic5754,kaka5754
tsungPub5755,tsungTopic5755,kaka5755
tsungPub5756,tsungTopic5756,kaka5756
tsungPub5757,tsungTopic5757,kaka5757
tsungPub5758,tsungTopic5758,kaka5758
tsungPub5759,tsungTopic5759,kaka5759
tsungPub5760,tsungTopic5760,kaka5760
tsungPub5761,tsungTopic5761,kaka5761
tsungPub5762,tsungTopic5762,kaka5762
tsungPub5763,tsungTopic5763,kaka5763
tsungPub5764,tsungTopic5764,kaka5764
tsungPub5765,tsungTopic5765,kaka5765
tsungPub5766,tsungTopic5766,kaka5766
tsungPub5767,tsungTopic5767,kaka5767
tsungPub5768,tsungTopic5768,kaka5768
tsungPub5769,tsungTopic5769,kaka5769
tsungPub5770,tsungTopic5770,kaka5770
tsungPub5771,tsungTopic5771,kaka5771
tsungPub5772,tsungTopic5772,kaka5772
tsungPub5773,tsungTopic5773,kaka5773
tsungPub5774,tsungTopic5774,kaka5774
tsungPub5775,tsungTopic5775,kaka5775
tsungPub5776,tsungTopic5776,kaka5776
tsungPub5777,tsungTopic5777,kaka5777
tsungPub5778,tsungTopic5778,kaka5778
tsungPub5779,tsungTopic5779,kaka5779
tsungPub5780,tsungTopic5780,kaka5780
tsungPub5781,tsungTopic5781,kaka5781
tsungPub5782,tsungTopic5782,kaka5782
tsungPub5783,tsungTopic5783,kaka5783
tsungPub5784,tsungTopic5784,kaka5784
tsungPub5785,tsungTopic5785,kaka5785
tsungPub5786,tsungTopic5786,kaka5786
tsungPub5787,tsungTopic5787,kaka5787
tsungPub5788,tsungTopic5788,kaka5788
tsungPub5789,tsungTopic5789,kaka5789
tsungPub5790,tsungTopic5790,kaka5790
tsungPub5791,tsungTopic5791,kaka5791
tsungPub5792,tsungTopic5792,kaka5792
tsungPub5793,tsungTopic5793,kaka5793
tsungPub5794,tsungTopic5794,kaka5794
tsungPub5795,tsungTopic5795,kaka5795
tsungPub5796,tsungTopic5796,kaka5796
tsungPub5797,tsungTopic5797,kaka5797
tsungPub5798,tsungTopic5798,kaka5798
tsungPub5799,tsungTopic5799,kaka5799
tsungPub5800,tsungTopic5800,kaka5800
tsungPub5801,tsungTopic5801,kaka5801
tsungPub5802,tsungTopic5802,kaka5802
tsungPub5803,tsungTopic5803,kaka5803
tsungPub5804,tsungTopic5804,kaka5804
tsungPub5805,tsungTopic5805,kaka5805
tsungPub5806,tsungTopic5806,kaka5806
tsungPub5807,tsungTopic5807,kaka5807
tsungPub5808,tsungTopic5808,kaka5808
tsungPub5809,tsungTopic5809,kaka5809
tsungPub5810,tsungTopic5810,kaka5810
tsungPub5811,tsungTopic5811,kaka5811
tsungPub5812,tsungTopic5812,kaka5812
tsungPub5813,tsungTopic5813,kaka5813
tsungPub5814,tsungTopic5814,kaka5814
tsungPub5815,tsungTopic5815,kaka5815
tsungPub5816,tsungTopic5816,kaka5816
tsungPub5817,tsungTopic5817,kaka5817
tsungPub5818,tsungTopic5818,kaka5818
tsungPub5819,tsungTopic5819,kaka5819
tsungPub5820,tsungTopic5820,kaka5820
tsungPub5821,tsungTopic5821,kaka5821
tsungPub5822,tsungTopic5822,kaka5822
tsungPub5823,tsungTopic5823,kaka5823
tsungPub5824,tsungTopic5824,kaka5824
tsungPub5825,tsungTopic5825,kaka5825
tsungPub5826,tsungTopic5826,kaka5826
tsungPub5827,tsungTopic5827,kaka5827
tsungPub5828,tsungTopic5828,kaka5828
tsungPub5829,tsungTopic5829,kaka5829
tsungPub5830,tsungTopic5830,kaka5830
tsungPub5831,tsungTopic5831,kaka5831
tsungPub5832,tsungTopic5832,kaka5832
tsungPub5833,tsungTopic5833,kaka5833
tsungPub5834,tsungTopic5834,kaka5834
tsungPub5835,tsungTopic5835,kaka5835
tsungPub5836,tsungTopic5836,kaka5836
tsungPub5837,tsungTopic5837,kaka5837
tsungPub5838,tsungTopic5838,kaka5838
tsungPub5839,tsungTopic5839,kaka5839
tsungPub5840,tsungTopic5840,kaka5840
tsungPub5841,tsungTopic5841,kaka5841
tsungPub5842,tsungTopic5842,kaka5842
tsungPub5843,tsungTopic5843,kaka5843
tsungPub5844,tsungTopic5844,kaka5844
tsungPub5845,tsungTopic5845,kaka5845
tsungPub5846,tsungTopic5846,kaka5846
tsungPub5847,tsungTopic5847,kaka5847
tsungPub5848,tsungTopic5848,kaka5848
tsungPub5849,tsungTopic5849,kaka5849
tsungPub5850,tsungTopic5850,kaka5850
tsungPub5851,tsungTopic5851,kaka5851
tsungPub5852,tsungTopic5852,kaka5852
tsungPub5853,tsungTopic5853,kaka5853
tsungPub5854,tsungTopic5854,kaka5854
tsungPub5855,tsungTopic5855,kaka5855
tsungPub5856,tsungTopic5856,kaka5856
tsungPub5857,tsungTopic5857,kaka5857
tsungPub5858,tsungTopic5858,kaka5858
tsungPub5859,tsungTopic5859,kaka5859
tsungPub5860,tsungTopic5860,kaka5860
tsungPub5861,tsungTopic5861,kaka5861
tsungPub5862,tsungTopic5862,kaka5862
tsungPub5863,tsungTopic5863,kaka5863
tsungPub5864,tsungTopic5864,kaka5864
tsungPub5865,tsungTopic5865,kaka5865
tsungPub5866,tsungTopic5866,kaka5866
tsungPub5867,tsungTopic5867,kaka5867
tsungPub5868,tsungTopic5868,kaka5868
tsungPub5869,tsungTopic5869,kaka5869
tsungPub5870,tsungTopic5870,kaka5870
tsungPub5871,tsungTopic5871,kaka5871
tsungPub5872,tsungTopic5872,kaka5872
tsungPub5873,tsungTopic5873,kaka5873
tsungPub5874,tsungTopic5874,kaka5874
tsungPub5875,tsungTopic5875,kaka5875
tsungPub5876,tsungTopic5876,kaka5876
tsungPub5877,tsungTopic5877,kaka5877
tsungPub5878,tsungTopic5878,kaka5878
tsungPub5879,tsungTopic5879,kaka5879
tsungPub5880,tsungTopic5880,kaka5880
tsungPub5881,tsungTopic5881,kaka5881
tsungPub5882,tsungTopic5882,kaka5882
tsungPub5883,tsungTopic5883,kaka5883
tsungPub5884,tsungTopic5884,kaka5884
tsungPub5885,tsungTopic5885,kaka5885
tsungPub5886,tsungTopic5886,kaka5886
tsungPub5887,tsungTopic5887,kaka5887
tsungPub5888,tsungTopic5888,kaka5888
tsungPub5889,tsungTopic5889,kaka5889
tsungPub5890,tsungTopic5890,kaka5890
tsungPub5891,tsungTopic5891,kaka5891
tsungPub5892,tsungTopic5892,kaka5892
tsungPub5893,tsungTopic5893,kaka5893
tsungPub5894,tsungTopic5894,kaka5894
tsungPub5895,tsungTopic5895,kaka5895
tsungPub5896,tsungTopic5896,kaka5896
tsungPub5897,tsungTopic5897,kaka5897
tsungPub5898,tsungTopic5898,kaka5898
tsungPub5899,tsungTopic5899,kaka5899
tsungPub5900,tsungTopic5900,kaka5900
tsungPub5901,tsungTopic5901,kaka5901
tsungPub5902,tsungTopic5902,kaka5902
tsungPub5903,tsungTopic5903,kaka5903
tsungPub5904,tsungTopic5904,kaka5904
tsungPub5905,tsungTopic5905,kaka5905
tsungPub5906,tsungTopic5906,kaka5906
tsungPub5907,tsungTopic5907,kaka5907
tsungPub5908,tsungTopic5908,kaka5908
tsungPub5909,tsungTopic5909,kaka5909
tsungPub5910,tsungTopic5910,kaka5910
tsungPub5911,tsungTopic5911,kaka5911
tsungPub5912,tsungTopic5912,kaka5912
tsungPub5913,tsungTopic5913,kaka5913
tsungPub5914,tsungTopic5914,kaka5914
tsungPub5915,tsungTopic5915,kaka5915
tsungPub5916,tsungTopic5916,kaka5916
tsungPub5917,tsungTopic5917,kaka5917
tsungPub5918,tsungTopic5918,kaka5918
tsungPub5919,tsungTopic5919,kaka5919
tsungPub5920,tsungTopic5920,kaka5920
tsungPub5921,tsungTopic5921,kaka5921
tsungPub5922,tsungTopic5922,kaka5922
tsungPub5923,tsungTopic5923,kaka5923
tsungPub5924,tsungTopic5924,kaka5924
tsungPub5925,tsungTopic5925,kaka5925
tsungPub5926,tsungTopic5926,kaka5926
tsungPub5927,tsungTopic5927,kaka5927
tsungPub5928,tsungTopic5928,kaka5928
tsungPub5929,tsungTopic5929,kaka5929
tsungPub5930,tsungTopic5930,kaka5930
tsungPub5931,tsungTopic5931,kaka5931
tsungPub5932,tsungTopic5932,kaka5932
tsungPub5933,tsungTopic5933,kaka5933
tsungPub5934,tsungTopic5934,kaka5934
tsungPub5935,tsungTopic5935,kaka5935
tsungPub5936,tsungTopic5936,kaka5936
tsungPub5937,tsungTopic5937,kaka5937
tsungPub5938,tsungTopic5938,kaka5938
tsungPub5939,tsungTopic5939,kaka5939
tsungPub5940,tsungTopic5940,kaka5940
tsungPub5941,tsungTopic5941,kaka5941
tsungPub5942,tsungTopic5942,kaka5942
tsungPub5943,tsungTopic5943,kaka5943
tsungPub5944,tsungTopic5944,kaka5944
tsungPub5945,tsungTopic5945,kaka5945
tsungPub5946,tsungTopic5946,kaka5946
tsungPub5947,tsungTopic5947,kaka5947
tsungPub5948,tsungTopic5948,kaka5948
tsungPub5949,tsungTopic5949,kaka5949
tsungPub5950,tsungTopic5950,kaka5950
tsungPub5951,tsungTopic5951,kaka5951
tsungPub5952,tsungTopic5952,kaka5952
tsungPub5953,tsungTopic5953,kaka5953
tsungPub5954,tsungTopic5954,kaka5954
tsungPub5955,tsungTopic5955,kaka5955
tsungPub5956,tsungTopic5956,kaka5956
tsungPub5957,tsungTopic5957,kaka5957
tsungPub5958,tsungTopic5958,kaka5958
tsungPub5959,tsungTopic5959,kaka5959
tsungPub5960,tsungTopic5960,kaka5960
tsungPub5961,tsungTopic5961,kaka5961
tsungPub5962,tsungTopic5962,kaka5962
tsungPub5963,tsungTopic5963,kaka5963
tsungPub5964,tsungTopic5964,kaka5964
tsungPub5965,tsungTopic5965,kaka5965
tsungPub5966,tsungTopic5966,kaka5966
tsungPub5967,tsungTopic5967,kaka5967
tsungPub5968,tsungTopic5968,kaka5968
tsungPub5969,tsungTopic5969,kaka5969
tsungPub5970,tsungTopic5970,kaka5970
tsungPub5971,tsungTopic5971,kaka5971
tsungPub5972,tsungTopic5972,kaka5972
tsungPub5973,tsungTopic5973,kaka5973
tsungPub5974,tsungTopic5974,kaka5974
tsungPub5975,tsungTopic5975,kaka5975
tsungPub5976,tsungTopic5976,kaka5976
tsungPub5977,tsungTopic5977,kaka5977
tsungPub5978,tsungTopic5978,kaka5978
tsungPub5979,tsungTopic5979,kaka5979
tsungPub5980,tsungTopic5980,kaka5980
tsungPub5981,tsungTopic5981,kaka5981
tsungPub5982,tsungTopic5982,kaka5982
tsungPub5983,tsungTopic5983,kaka5983
tsungPub5984,tsungTopic5984,kaka5984
tsungPub5985,tsungTopic5985,kaka5985
tsungPub5986,tsungTopic5986,kaka5986
tsungPub5987,tsungTopic5987,kaka5987
tsungPub5988,tsungTopic5988,kaka5988
tsungPub5989,tsungTopic5989,kaka5989
tsungPub5990,tsungTopic5990,kaka5990
tsungPub5991,tsungTopic5991,kaka5991
tsungPub5992,tsungTopic5992,kaka5992
tsungPub5993,tsungTopic5993,kaka5993
tsungPub5994,tsungTopic5994,kaka5994
tsungPub5995,tsungTopic5995,kaka5995
tsungPub5996,tsungTopic5996,kaka5996
tsungPub5997,tsungTopic5997,kaka5997
tsungPub5998,tsungTopic5998,kaka5998
tsungPub5999,tsungTopic5999,kaka5999
tsungPub6000,tsungTopic6000,kaka6000
